"V1","V2","V3","V4","V5","V6","V7","V8","V9","V10","V11","V12","V13","V14","V15","V16","V17","V18","V19","V20","V21","V22","V23","V24","V25","V26","V27","V28","V29","V30","V31","V32","V33","V34","V35","V36","V37","V38","V39","V40","V41","V42","V43","V44","V45","V46","V47","V48","V49","V50","V51","V52","V53","V54","V55","V56","V57","V58","V59","V60","V61","V62","V63","V64","V65","V66","V67","V68","V69","V70","V71","V72","V73","V74","V75","V76","V77","V78","V79","V80","V81","V82","V83","V84","V85"
0,0.190299414865171,0,0.203277753018717,0.187275790258776,0.203283838572783,0,0,0,0,0,0,0,0,0,0,0,0,0,0,0,0,0,0,0,0,0,0,0,0,0,0,0,0,0,0,0,0,0,0,0,0,0,0,0,0,0,0,0,0,0,0,0,0,0,0,0,0,0,0,0,0,0,0,0,0,0,0,0,0,0,0,0,0,0,0,0,0,0,0,0,0,0,0,0
0.190299414865171,0,0.186984523193608,0,0.203283838572783,0.18728636796794,0.203288185722333,0,0,0,0,0,0,0,0,0,0,0,0,0,0,0,0,0,0,0,0,0,0,0,0,0,0,0,0,0,0,0,0,0,0,0,0,0,0,0,0,0,0,0,0,0,0,0,0,0,0,0,0,0,0,0,0,0,0,0,0,0,0,0,0,0,0,0,0,0,0,0,0,0,0,0,0,0,0
0,0.186984523193608,0,0,0,0.203288185722333,0.187293418860889,0.203290794142077,0,0,0,0,0,0,0,0,0,0,0,0,0,0,0,0,0,0,0,0,0,0,0,0,0,0,0,0,0,0,0,0,0,0,0,0,0,0,0,0,0,0,0,0,0,0,0,0,0,0,0,0,0,0,0,0,0,0,0,0,0,0,0,0,0,0,0,0,0,0,0,0,0,0,0,0,0
0.203277753018717,0,0,0,0.222948195444539,0,0,0,0,0,0.203269929516047,0.206113136379325,0.229611251849688,0,0,0,0,0,0,0,0,0,0,0,0,0,0,0,0,0,0,0,0,0,0,0,0,0,0,0,0,0,0,0,0,0,0,0,0,0,0,0,0,0,0,0,0,0,0,0,0,0,0,0,0,0,0,0,0,0,0,0,0,0,0,0,0,0,0,0,0,0,0,0,0
0.187275790258776,0.203283838572783,0,0.222948195444539,0,0.186984701310454,0,0,0,0,0,0.244809235251214,0.223804873342989,0.242550596664848,0,0,0,0,0,0,0,0,0,0,0,0,0,0,0,0,0,0,0,0,0,0,0,0,0,0,0,0,0,0,0,0,0,0,0,0,0,0,0,0,0,0,0,0,0,0,0,0,0,0,0,0,0,0,0,0,0,0,0,0,0,0,0,0,0,0,0,0,0,0,0
0.203283838572783,0.18728636796794,0.203288185722333,0,0.186984701310454,0,0.186984523193608,0,0,0,0,0,0.230100103069111,0.208873356618078,0.203288185722333,0,0,0,0,0,0,0,0,0,0,0,0,0,0,0,0,0,0,0,0,0,0,0,0,0,0,0,0,0,0,0,0,0,0,0,0,0,0,0,0,0,0,0,0,0,0,0,0,0,0,0,0,0,0,0,0,0,0,0,0,0,0,0,0,0,0,0,0,0,0
0,0.203288185722333,0.187293418860889,0,0,0.186984523193608,0,0.186984416302012,0,0,0,0,0,0.203288185722333,0.1952882925451,0.234535434538858,0,0,0,0,0,0,0,0,0,0,0,0,0,0,0,0,0,0,0,0,0,0,0,0,0,0,0,0,0,0,0,0,0,0,0,0,0,0,0,0,0,0,0,0,0,0,0,0,0,0,0,0,0,0,0,0,0,0,0,0,0,0,0,0,0,0,0,0,0
0,0,0.203290794142077,0,0,0,0.186984416302012,0,0.192193106943029,0,0,0,0,0,0.263905961758774,0.187296944033482,0.232217381207027,0,0,0,0,0,0,0,0,0,0,0,0,0,0,0,0,0,0,0,0,0,0,0,0,0,0,0,0,0,0,0,0,0,0,0,0,0,0,0,0,0,0,0,0,0,0,0,0,0,0,0,0,0,0,0,0,0,0,0,0,0,0,0,0,0,0,0,0
0,0,0,0,0,0,0,0.192193106943029,0,0.204622262909808,0,0,0,0,0,0.235259431878052,0.210272434978798,0.222531019107142,0,0,0,0,0,0,0,0,0,0,0,0,0,0,0,0,0,0,0,0,0,0,0,0,0,0,0,0,0,0,0,0,0,0,0,0,0,0,0,0,0,0,0,0,0,0,0,0,0,0,0,0,0,0,0,0,0,0,0,0,0,0,0,0,0,0,0
0,0,0,0,0,0,0,0,0.204622262909808,0,0,0,0,0,0,0,0.225378045188128,0.234552562039734,0,0,0,0,0,0,0,0,0,0,0,0,0,0,0,0,0,0,0,0,0,0,0,0,0,0,0,0,0,0,0,0,0,0,0,0,0,0,0,0,0,0,0,0,0,0,0,0,0,0,0,0,0,0,0,0,0,0,0,0,0,0,0,0,0,0,0
0,0,0,0.203269929516047,0,0,0,0,0,0,0,0.18698527098358,0,0,0,0,0,0,0.226072554265724,0.187244047263658,0.203269929516047,0,0,0,0,0,0,0,0,0,0,0,0,0,0,0,0,0,0,0,0,0,0,0,0,0,0,0,0,0,0,0,0,0,0,0,0,0,0,0,0,0,0,0,0,0,0,0,0,0,0,0,0,0,0,0,0,0,0,0,0,0,0,0,0
0,0,0,0.206113136379325,0.244809235251214,0,0,0,0,0,0.18698527098358,0,0.186984950598836,0,0,0,0,0,0,0.203269929516047,0.187261684088794,0.203277753018717,0,0,0,0,0,0,0,0,0,0,0,0,0,0,0,0,0,0,0,0,0,0,0,0,0,0,0,0,0,0,0,0,0,0,0,0,0,0,0,0,0,0,0,0,0,0,0,0,0,0,0,0,0,0,0,0,0,0,0,0,0,0,0
0,0,0,0.229611251849688,0.223804873342989,0.230100103069111,0,0,0,0,0,0.186984950598836,0,0.233163687354831,0,0,0,0,0,0,0.203277753018717,0.226906606255877,0.21988265809476,0,0,0,0,0,0,0,0,0,0,0,0,0,0,0,0,0,0,0,0,0,0,0,0,0,0,0,0,0,0,0,0,0,0,0,0,0,0,0,0,0,0,0,0,0,0,0,0,0,0,0,0,0,0,0,0,0,0,0,0,0,0
0,0,0,0,0.242550596664848,0.208873356618078,0.203288185722333,0,0,0,0,0,0.233163687354831,0,0.186984523193608,0,0,0,0,0,0,0.262422984231387,0.18728636796794,0.203288185722333,0,0,0,0,0,0,0,0,0,0,0,0,0,0,0,0,0,0,0,0,0,0,0,0,0,0,0,0,0,0,0,0,0,0,0,0,0,0,0,0,0,0,0,0,0,0,0,0,0,0,0,0,0,0,0,0,0,0,0,0,0
0,0,0,0,0,0.203288185722333,0.1952882925451,0.263905961758774,0,0,0,0,0,0.186984523193608,0,0.219077781168378,0,0,0,0,0,0,0.221666769721549,0.210893518309487,0.233531811726679,0,0,0,0,0,0,0,0,0,0,0,0,0,0,0,0,0,0,0,0,0,0,0,0,0,0,0,0,0,0,0,0,0,0,0,0,0,0,0,0,0,0,0,0,0,0,0,0,0,0,0,0,0,0,0,0,0,0,0,0
0,0,0,0,0,0,0.234535434538858,0.187296944033482,0.235259431878052,0,0,0,0,0,0.219077781168378,0,0.232217346484773,0,0,0,0,0,0,0.244273286985097,0.210701092752801,0.241250451762002,0,0,0,0,0,0,0,0,0,0,0,0,0,0,0,0,0,0,0,0,0,0,0,0,0,0,0,0,0,0,0,0,0,0,0,0,0,0,0,0,0,0,0,0,0,0,0,0,0,0,0,0,0,0,0,0,0,0,0
0,0,0,0,0,0,0,0.232217381207027,0.210272434978798,0.225378045188128,0,0,0,0,0,0.232217346484773,0,0.227659728135693,0,0,0,0,0,0,0.248121706655033,0.187296944033482,0.249031448620295,0,0,0,0,0,0,0,0,0,0,0,0,0,0,0,0,0,0,0,0,0,0,0,0,0,0,0,0,0,0,0,0,0,0,0,0,0,0,0,0,0,0,0,0,0,0,0,0,0,0,0,0,0,0,0,0,0,0
0,0,0,0,0,0,0,0,0.222531019107142,0.234552562039734,0,0,0,0,0,0,0.227659728135693,0,0,0,0,0,0,0,0,0.271841084702292,0.21448469610737,0,0,0,0,0,0,0,0,0,0,0,0,0,0,0,0,0,0,0,0,0,0,0,0,0,0,0,0,0,0,0,0,0,0,0,0,0,0,0,0,0,0,0,0,0,0,0,0,0,0,0,0,0,0,0,0,0,0
0,0,0,0,0,0,0,0,0,0,0.226072554265724,0,0,0,0,0,0,0,0,0.232907242908116,0,0,0,0,0,0,0,0.203249071144864,0.231040935577215,0.23402283276707,0,0,0,0,0,0,0,0,0,0,0,0,0,0,0,0,0,0,0,0,0,0,0,0,0,0,0,0,0,0,0,0,0,0,0,0,0,0,0,0,0,0,0,0,0,0,0,0,0,0,0,0,0,0,0
0,0,0,0,0,0,0,0,0,0,0.187244047263658,0.203269929516047,0,0,0,0,0,0,0.232907242908116,0,0.201509387110228,0,0,0,0,0,0,0,0.211927388598134,0.211256693652933,0.235048375539343,0,0,0,0,0,0,0,0,0,0,0,0,0,0,0,0,0,0,0,0,0,0,0,0,0,0,0,0,0,0,0,0,0,0,0,0,0,0,0,0,0,0,0,0,0,0,0,0,0,0,0,0,0,0
0,0,0,0,0,0,0,0,0,0,0.203269929516047,0.187261684088794,0.203277753018717,0,0,0,0,0,0,0.201509387110228,0,0.186984950598836,0,0,0,0,0,0,0,0.232577348589156,0.248970739951761,0.271738094283103,0,0,0,0,0,0,0,0,0,0,0,0,0,0,0,0,0,0,0,0,0,0,0,0,0,0,0,0,0,0,0,0,0,0,0,0,0,0,0,0,0,0,0,0,0,0,0,0,0,0,0,0,0
0,0,0,0,0,0,0,0,0,0,0,0.203277753018717,0.226906606255877,0.262422984231387,0,0,0,0,0,0,0.186984950598836,0,0.204615815005368,0,0,0,0,0,0,0,0.215675224097794,0.262411099573973,0.266029757549876,0,0,0,0,0,0,0,0,0,0,0,0,0,0,0,0,0,0,0,0,0,0,0,0,0,0,0,0,0,0,0,0,0,0,0,0,0,0,0,0,0,0,0,0,0,0,0,0,0,0,0,0
0,0,0,0,0,0,0,0,0,0,0,0,0.21988265809476,0.18728636796794,0.221666769721549,0,0,0,0,0,0,0.204615815005368,0,0.186984523193608,0,0,0,0,0,0,0,0.271262589399141,0.18728636796794,0.203288185722333,0,0,0,0,0,0,0,0,0,0,0,0,0,0,0,0,0,0,0,0,0,0,0,0,0,0,0,0,0,0,0,0,0,0,0,0,0,0,0,0,0,0,0,0,0,0,0,0,0,0,0
0,0,0,0,0,0,0,0,0,0,0,0,0,0.203288185722333,0.210893518309487,0.244273286985097,0,0,0,0,0,0,0.186984523193608,0,0.186984416302012,0,0,0,0,0,0,0,0.210965572986533,0.187293418860889,0.203290794142077,0,0,0,0,0,0,0,0,0,0,0,0,0,0,0,0,0,0,0,0,0,0,0,0,0,0,0,0,0,0,0,0,0,0,0,0,0,0,0,0,0,0,0,0,0,0,0,0,0,0
0,0,0,0,0,0,0,0,0,0,0,0,0,0,0.233531811726679,0.210701092752801,0.248121706655033,0,0,0,0,0,0,0.186984416302012,0,0.215589670347743,0,0,0,0,0,0,0,0.203290794142077,0.224856391772545,0.217297145794116,0,0,0,0,0,0,0,0,0,0,0,0,0,0,0,0,0,0,0,0,0,0,0,0,0,0,0,0,0,0,0,0,0,0,0,0,0,0,0,0,0,0,0,0,0,0,0,0,0
0,0,0,0,0,0,0,0,0,0,0,0,0,0,0,0.241250451762002,0.187296944033482,0.271841084702292,0,0,0,0,0,0,0.215589670347743,0,0.186984416302012,0,0,0,0,0,0,0,0.229364774275029,0.209332871606163,0.251429328115548,0,0,0,0,0,0,0,0,0,0,0,0,0,0,0,0,0,0,0,0,0,0,0,0,0,0,0,0,0,0,0,0,0,0,0,0,0,0,0,0,0,0,0,0,0,0,0,0
0,0,0,0,0,0,0,0,0,0,0,0,0,0,0,0,0.249031448620295,0.21448469610737,0,0,0,0,0,0,0,0.186984416302012,0,0,0,0,0,0,0,0,0,0.260318222017282,0.187293418860889,0,0,0,0,0,0,0,0,0,0,0,0,0,0,0,0,0,0,0,0,0,0,0,0,0,0,0,0,0,0,0,0,0,0,0,0,0,0,0,0,0,0,0,0,0,0,0,0
0,0,0,0,0,0,0,0,0,0,0,0,0,0,0,0,0,0,0.203249071144864,0,0,0,0,0,0,0,0,0,0.186986124634282,0,0,0,0,0,0,0,0,0.233582942072908,0,0,0,0,0,0,0,0,0,0,0,0,0,0,0,0,0,0,0,0,0,0,0,0,0,0,0,0,0,0,0,0,0,0,0,0,0,0,0,0,0,0,0,0,0,0,0
0,0,0,0,0,0,0,0,0,0,0,0,0,0,0,0,0,0,0.231040935577215,0.211927388598134,0,0,0,0,0,0,0,0.186986124634282,0,0.213665640124546,0,0,0,0,0,0,0,0.187222877037987,0,0,0,0,0,0,0,0,0,0,0,0,0,0,0,0,0,0,0,0,0,0,0,0,0,0,0,0,0,0,0,0,0,0,0,0,0,0,0,0,0,0,0,0,0,0,0
0,0,0,0,0,0,0,0,0,0,0,0,0,0,0,0,0,0,0.23402283276707,0.211256693652933,0.232577348589156,0,0,0,0,0,0,0,0.213665640124546,0,0.206160128356512,0,0,0,0,0,0,0.269951876023362,0.226213347980247,0,0,0,0,0,0,0,0,0,0,0,0,0,0,0,0,0,0,0,0,0,0,0,0,0,0,0,0,0,0,0,0,0,0,0,0,0,0,0,0,0,0,0,0,0,0
0,0,0,0,0,0,0,0,0,0,0,0,0,0,0,0,0,0,0,0.235048375539343,0.248970739951761,0.215675224097794,0,0,0,0,0,0,0,0.206160128356512,0,0.241141733674743,0,0,0,0,0,0,0.209637037473454,0.244919399887495,0,0,0,0,0,0,0,0,0,0,0,0,0,0,0,0,0,0,0,0,0,0,0,0,0,0,0,0,0,0,0,0,0,0,0,0,0,0,0,0,0,0,0,0,0
0,0,0,0,0,0,0,0,0,0,0,0,0,0,0,0,0,0,0,0,0.271738094283103,0.262411099573973,0.271262589399141,0,0,0,0,0,0,0,0.241141733674743,0,0.213733351003503,0,0,0,0,0,0.233542223905685,0.209976710386969,0.243685527570989,0,0,0,0,0,0,0,0,0,0,0,0,0,0,0,0,0,0,0,0,0,0,0,0,0,0,0,0,0,0,0,0,0,0,0,0,0,0,0,0,0,0,0,0
0,0,0,0,0,0,0,0,0,0,0,0,0,0,0,0,0,0,0,0,0,0.266029757549876,0.18728636796794,0.210965572986533,0,0,0,0,0,0,0,0.213733351003503,0,0.186984523193608,0,0,0,0,0,0.220293640809621,0.18728636796794,0.203288185722333,0,0,0,0,0,0,0,0,0,0,0,0,0,0,0,0,0,0,0,0,0,0,0,0,0,0,0,0,0,0,0,0,0,0,0,0,0,0,0,0,0,0,0
0,0,0,0,0,0,0,0,0,0,0,0,0,0,0,0,0,0,0,0,0,0,0.203288185722333,0.187293418860889,0.203290794142077,0,0,0,0,0,0,0,0.186984523193608,0,0.186984416302012,0,0,0,0,0,0.203288185722333,0.18729341886089,0.203290794142077,0,0,0,0,0,0,0,0,0,0,0,0,0,0,0,0,0,0,0,0,0,0,0,0,0,0,0,0,0,0,0,0,0,0,0,0,0,0,0,0,0,0
0,0,0,0,0,0,0,0,0,0,0,0,0,0,0,0,0,0,0,0,0,0,0,0.203290794142077,0.224856391772545,0.229364774275029,0,0,0,0,0,0,0,0.186984416302012,0,0.230641198426162,0,0,0,0,0,0.250723280471712,0.209242748726705,0.251348785444479,0,0,0,0,0,0,0,0,0,0,0,0,0,0,0,0,0,0,0,0,0,0,0,0,0,0,0,0,0,0,0,0,0,0,0,0,0,0,0,0,0
0,0,0,0,0,0,0,0,0,0,0,0,0,0,0,0,0,0,0,0,0,0,0,0,0.217297145794116,0.209332871606163,0.260318222017282,0,0,0,0,0,0,0,0.230641198426162,0,0.227984836781807,0,0,0,0,0,0.245719862107111,0.20484604047293,0.224448942351565,0,0,0,0,0,0,0,0,0,0,0,0,0,0,0,0,0,0,0,0,0,0,0,0,0,0,0,0,0,0,0,0,0,0,0,0,0,0,0,0
0,0,0,0,0,0,0,0,0,0,0,0,0,0,0,0,0,0,0,0,0,0,0,0,0,0.251429328115548,0.187293418860889,0,0,0,0,0,0,0,0,0.227984836781807,0,0,0,0,0,0,0,0.232701444398558,0.203464352052761,0.219529354993101,0,0,0,0,0,0,0,0,0,0,0,0,0,0,0,0,0,0,0,0,0,0,0,0,0,0,0,0,0,0,0,0,0,0,0,0,0,0,0
0,0,0,0,0,0,0,0,0,0,0,0,0,0,0,0,0,0,0,0,0,0,0,0,0,0,0,0.233582942072908,0.187222877037987,0.269951876023362,0,0,0,0,0,0,0,0,0,0,0,0,0,0,0,0,0,0,0,0,0,0,0,0,0,0,0,0,0,0,0,0,0,0,0,0,0,0,0,0,0,0,0,0,0,0,0,0,0,0,0,0,0,0,0
0,0,0,0,0,0,0,0,0,0,0,0,0,0,0,0,0,0,0,0,0,0,0,0,0,0,0,0,0,0.226213347980247,0.209637037473454,0.233542223905685,0,0,0,0,0,0,0,0.186984950598836,0,0,0,0,0,0,0,0.232327530055265,0.203277753018717,0,0,0,0,0,0,0,0,0,0,0,0,0,0,0,0,0,0,0,0,0,0,0,0,0,0,0,0,0,0,0,0,0,0,0,0
0,0,0,0,0,0,0,0,0,0,0,0,0,0,0,0,0,0,0,0,0,0,0,0,0,0,0,0,0,0,0.244919399887495,0.209976710386969,0.220293640809621,0,0,0,0,0,0.186984950598836,0,0.229843899268954,0,0,0,0,0,0,0.203277753018717,0.187275790258776,0.232030509573266,0,0,0,0,0,0,0,0,0,0,0,0,0,0,0,0,0,0,0,0,0,0,0,0,0,0,0,0,0,0,0,0,0,0,0
0,0,0,0,0,0,0,0,0,0,0,0,0,0,0,0,0,0,0,0,0,0,0,0,0,0,0,0,0,0,0,0.243685527570989,0.18728636796794,0.203288185722333,0,0,0,0,0,0.229843899268954,0,0.210163567394677,0,0,0,0,0,0,0.251746114425751,0.215737481232906,0.251148321609806,0,0,0,0,0,0,0,0,0,0,0,0,0,0,0,0,0,0,0,0,0,0,0,0,0,0,0,0,0,0,0,0,0,0
0,0,0,0,0,0,0,0,0,0,0,0,0,0,0,0,0,0,0,0,0,0,0,0,0,0,0,0,0,0,0,0,0.203288185722333,0.18729341886089,0.250723280471712,0,0,0,0,0,0.210163567394677,0,0.226416906799241,0,0,0,0,0,0,0.241419700740256,0.241911910296353,0.238718995899892,0,0,0,0,0,0,0,0,0,0,0,0,0,0,0,0,0,0,0,0,0,0,0,0,0,0,0,0,0,0,0,0,0
0,0,0,0,0,0,0,0,0,0,0,0,0,0,0,0,0,0,0,0,0,0,0,0,0,0,0,0,0,0,0,0,0,0.203290794142077,0.209242748726705,0.245719862107111,0,0,0,0,0,0.226416906799241,0,0.261560092697873,0,0,0,0,0,0,0.219999625491127,0.214779136711382,0.27247313272975,0,0,0,0,0,0,0,0,0,0,0,0,0,0,0,0,0,0,0,0,0,0,0,0,0,0,0,0,0,0,0,0
0,0,0,0,0,0,0,0,0,0,0,0,0,0,0,0,0,0,0,0,0,0,0,0,0,0,0,0,0,0,0,0,0,0,0.251348785444479,0.20484604047293,0.232701444398558,0,0,0,0,0,0.261560092697873,0,0.229517813197365,0,0,0,0,0,0,0.275996639942782,0.199614205668496,0.224429287822469,0,0,0,0,0,0,0,0,0,0,0,0,0,0,0,0,0,0,0,0,0,0,0,0,0,0,0,0,0,0,0
0,0,0,0,0,0,0,0,0,0,0,0,0,0,0,0,0,0,0,0,0,0,0,0,0,0,0,0,0,0,0,0,0,0,0,0.224448942351565,0.203464352052761,0,0,0,0,0,0,0.229517813197365,0,0.201660836198332,0,0,0,0,0,0,0.249177847760116,0.187293418860889,0.203288185722333,0,0,0,0,0,0,0,0,0,0,0,0,0,0,0,0,0,0,0,0,0,0,0,0,0,0,0,0,0,0
0,0,0,0,0,0,0,0,0,0,0,0,0,0,0,0,0,0,0,0,0,0,0,0,0,0,0,0,0,0,0,0,0,0,0,0,0.219529354993101,0,0,0,0,0,0,0,0.201660836198332,0,0.209246085531481,0,0,0,0,0,0,0.264760582041409,0.18728636796794,0.234715915438829,0,0,0,0,0,0,0,0,0,0,0,0,0,0,0,0,0,0,0,0,0,0,0,0,0,0,0,0,0
0,0,0,0,0,0,0,0,0,0,0,0,0,0,0,0,0,0,0,0,0,0,0,0,0,0,0,0,0,0,0,0,0,0,0,0,0,0,0,0,0,0,0,0,0,0.209246085531481,0,0,0,0,0,0,0,0,0.228937333532703,0.223200936832416,0.257613630638413,0,0,0,0,0,0,0,0,0,0,0,0,0,0,0,0,0,0,0,0,0,0,0,0,0,0,0,0
0,0,0,0,0,0,0,0,0,0,0,0,0,0,0,0,0,0,0,0,0,0,0,0,0,0,0,0,0,0,0,0,0,0,0,0,0,0,0.232327530055265,0.203277753018717,0,0,0,0,0,0,0,0,0.186984950598836,0,0,0,0,0,0,0,0,0.203277753018717,0,0,0,0,0,0,0,0,0,0,0,0,0,0,0,0,0,0,0,0,0,0,0,0,0,0,0
0,0,0,0,0,0,0,0,0,0,0,0,0,0,0,0,0,0,0,0,0,0,0,0,0,0,0,0,0,0,0,0,0,0,0,0,0,0,0.203277753018717,0.187275790258776,0.251746114425751,0,0,0,0,0,0,0.186984950598836,0,0.226202464079618,0,0,0,0,0,0,0,0.187275790258776,0.249060737420437,0,0,0,0,0,0,0,0,0,0,0,0,0,0,0,0,0,0,0,0,0,0,0,0,0,0
0,0,0,0,0,0,0,0,0,0,0,0,0,0,0,0,0,0,0,0,0,0,0,0,0,0,0,0,0,0,0,0,0,0,0,0,0,0,0,0.232030509573266,0.215737481232906,0.241419700740256,0,0,0,0,0,0,0.226202464079618,0,0.240109471634888,0,0,0,0,0,0,0.223912473570372,0.235818769999009,0.215520195496997,0,0,0,0,0,0,0,0,0,0,0,0,0,0,0,0,0,0,0,0,0,0,0,0,0
0,0,0,0,0,0,0,0,0,0,0,0,0,0,0,0,0,0,0,0,0,0,0,0,0,0,0,0,0,0,0,0,0,0,0,0,0,0,0,0,0.251148321609806,0.241911910296353,0.219999625491127,0,0,0,0,0,0,0.240109471634888,0,0.200472907078884,0,0,0,0,0,0,0.238081881825629,0.218973833077459,0.214224818143397,0,0,0,0,0,0,0,0,0,0,0,0,0,0,0,0,0,0,0,0,0,0,0,0
0,0,0,0,0,0,0,0,0,0,0,0,0,0,0,0,0,0,0,0,0,0,0,0,0,0,0,0,0,0,0,0,0,0,0,0,0,0,0,0,0,0.238718995899892,0.214779136711382,0.275996639942782,0,0,0,0,0,0,0.200472907078884,0,0.186984380667898,0,0,0,0,0,0,0.233221507215932,0.187296944033482,0.203291663636986,0,0,0,0,0,0,0,0,0,0,0,0,0,0,0,0,0,0,0,0,0,0,0
0,0,0,0,0,0,0,0,0,0,0,0,0,0,0,0,0,0,0,0,0,0,0,0,0,0,0,0,0,0,0,0,0,0,0,0,0,0,0,0,0,0,0.27247313272975,0.199614205668496,0.249177847760116,0,0,0,0,0,0,0.186984380667898,0,0.197809991126478,0,0,0,0,0,0,0.203291663636986,0.22686529530273,0.2310192675416,0,0,0,0,0,0,0,0,0,0,0,0,0,0,0,0,0,0,0,0,0,0
0,0,0,0,0,0,0,0,0,0,0,0,0,0,0,0,0,0,0,0,0,0,0,0,0,0,0,0,0,0,0,0,0,0,0,0,0,0,0,0,0,0,0,0.224429287822469,0.187293418860889,0.264760582041409,0,0,0,0,0,0,0.197809991126478,0,0.186984523193608,0,0,0,0,0,0,0.226877233768264,0.18729341886089,0.203288185722333,0,0,0,0,0,0,0,0,0,0,0,0,0,0,0,0,0,0,0,0,0
0,0,0,0,0,0,0,0,0,0,0,0,0,0,0,0,0,0,0,0,0,0,0,0,0,0,0,0,0,0,0,0,0,0,0,0,0,0,0,0,0,0,0,0,0.203288185722333,0.18728636796794,0.228937333532703,0,0,0,0,0,0,0.186984523193608,0,0.186984701310454,0,0,0,0,0,0,0.203288185722333,0.18728636796794,0.203283838572783,0,0,0,0,0,0,0,0,0,0,0,0,0,0,0,0,0,0,0,0
0,0,0,0,0,0,0,0,0,0,0,0,0,0,0,0,0,0,0,0,0,0,0,0,0,0,0,0,0,0,0,0,0,0,0,0,0,0,0,0,0,0,0,0,0,0.234715915438829,0.223200936832416,0,0,0,0,0,0,0,0.186984701310454,0,0.186984950598836,0,0,0,0,0,0,0.203283838572783,0.187275790258776,0.203277753018717,0,0,0,0,0,0,0,0,0,0,0,0,0,0,0,0,0,0,0
0,0,0,0,0,0,0,0,0,0,0,0,0,0,0,0,0,0,0,0,0,0,0,0,0,0,0,0,0,0,0,0,0,0,0,0,0,0,0,0,0,0,0,0,0,0,0.257613630638413,0,0,0,0,0,0,0,0,0.186984950598836,0,0,0,0,0,0,0,0,0.203277753018717,0.231396701582877,0,0,0,0,0,0,0,0,0,0,0,0,0,0,0,0,0,0,0
0,0,0,0,0,0,0,0,0,0,0,0,0,0,0,0,0,0,0,0,0,0,0,0,0,0,0,0,0,0,0,0,0,0,0,0,0,0,0,0,0,0,0,0,0,0,0,0.203277753018717,0.187275790258776,0.223912473570372,0,0,0,0,0,0,0,0,0.186984701310454,0,0,0,0,0,0,0,0.203277753018717,0.187275790258776,0.203283838572783,0,0,0,0,0,0,0,0,0,0,0,0,0,0,0,0
0,0,0,0,0,0,0,0,0,0,0,0,0,0,0,0,0,0,0,0,0,0,0,0,0,0,0,0,0,0,0,0,0,0,0,0,0,0,0,0,0,0,0,0,0,0,0,0,0.249060737420437,0.235818769999009,0.238081881825629,0,0,0,0,0,0,0.186984701310454,0,0.198848548295454,0,0,0,0,0,0,0,0.245800630569095,0.237149793209287,0.22919167833507,0,0,0,0,0,0,0,0,0,0,0,0,0,0,0
0,0,0,0,0,0,0,0,0,0,0,0,0,0,0,0,0,0,0,0,0,0,0,0,0,0,0,0,0,0,0,0,0,0,0,0,0,0,0,0,0,0,0,0,0,0,0,0,0,0.215520195496997,0.218973833077459,0.233221507215932,0,0,0,0,0,0,0.198848548295454,0,0.186984416302012,0,0,0,0,0,0,0,0.2253355161437,0.20134465933435,0.232390800497998,0,0,0,0,0,0,0,0,0,0,0,0,0,0
0,0,0,0,0,0,0,0,0,0,0,0,0,0,0,0,0,0,0,0,0,0,0,0,0,0,0,0,0,0,0,0,0,0,0,0,0,0,0,0,0,0,0,0,0,0,0,0,0,0,0.214224818143397,0.187296944033482,0.203291663636986,0,0,0,0,0,0,0.186984416302012,0,0.186984380667898,0,0,0,0,0,0,0,0.242602215687672,0.187296944033482,0.203291663636986,0,0,0,0,0,0,0,0,0,0,0,0,0
0,0,0,0,0,0,0,0,0,0,0,0,0,0,0,0,0,0,0,0,0,0,0,0,0,0,0,0,0,0,0,0,0,0,0,0,0,0,0,0,0,0,0,0,0,0,0,0,0,0,0,0.203291663636986,0.22686529530273,0.226877233768264,0,0,0,0,0,0,0.186984380667898,0,0.218224319935463,0,0,0,0,0,0,0,0.203291663636986,0.231257481150422,0.230506637743481,0,0,0,0,0,0,0,0,0,0,0,0
0,0,0,0,0,0,0,0,0,0,0,0,0,0,0,0,0,0,0,0,0,0,0,0,0,0,0,0,0,0,0,0,0,0,0,0,0,0,0,0,0,0,0,0,0,0,0,0,0,0,0,0,0.2310192675416,0.18729341886089,0.203288185722333,0,0,0,0,0,0,0.218224319935463,0,0.202251515819385,0,0,0,0,0,0,0,0.233927835268261,0.233219096823541,0,0,0,0,0,0,0,0,0,0,0,0
0,0,0,0,0,0,0,0,0,0,0,0,0,0,0,0,0,0,0,0,0,0,0,0,0,0,0,0,0,0,0,0,0,0,0,0,0,0,0,0,0,0,0,0,0,0,0,0,0,0,0,0,0,0.203288185722333,0.18728636796794,0.203283838572783,0,0,0,0,0,0,0.202251515819385,0,0.186984701310454,0,0,0,0,0,0,0,0.246385051116778,0,0,0,0,0,0,0,0,0,0,0,0
0,0,0,0,0,0,0,0,0,0,0,0,0,0,0,0,0,0,0,0,0,0,0,0,0,0,0,0,0,0,0,0,0,0,0,0,0,0,0,0,0,0,0,0,0,0,0,0,0,0,0,0,0,0,0.203283838572783,0.187275790258776,0.203277753018717,0,0,0,0,0,0,0.186984701310454,0,0.186984950598836,0,0,0,0,0,0,0,0,0,0,0,0,0,0,0,0,0,0,0
0,0,0,0,0,0,0,0,0,0,0,0,0,0,0,0,0,0,0,0,0,0,0,0,0,0,0,0,0,0,0,0,0,0,0,0,0,0,0,0,0,0,0,0,0,0,0,0,0,0,0,0,0,0,0,0.203277753018717,0.231396701582877,0,0,0,0,0,0,0,0.186984950598836,0,0,0,0,0,0,0,0,0,0,0,0,0,0,0,0,0,0,0,0
0,0,0,0,0,0,0,0,0,0,0,0,0,0,0,0,0,0,0,0,0,0,0,0,0,0,0,0,0,0,0,0,0,0,0,0,0,0,0,0,0,0,0,0,0,0,0,0,0,0,0,0,0,0,0,0,0,0.203277753018717,0,0,0,0,0,0,0,0,0,0.186984950598836,0,0,0,0,0,0.203277753018717,0,0,0,0,0,0,0,0,0,0,0
0,0,0,0,0,0,0,0,0,0,0,0,0,0,0,0,0,0,0,0,0,0,0,0,0,0,0,0,0,0,0,0,0,0,0,0,0,0,0,0,0,0,0,0,0,0,0,0,0,0,0,0,0,0,0,0,0,0.187275790258776,0.245800630569095,0,0,0,0,0,0,0,0.186984950598836,0,0.196562697784395,0,0,0,0,0.199196683987987,0.230059017865275,0,0,0,0,0,0,0,0,0,0
0,0,0,0,0,0,0,0,0,0,0,0,0,0,0,0,0,0,0,0,0,0,0,0,0,0,0,0,0,0,0,0,0,0,0,0,0,0,0,0,0,0,0,0,0,0,0,0,0,0,0,0,0,0,0,0,0,0.203283838572783,0.237149793209287,0.2253355161437,0,0,0,0,0,0,0,0.196562697784395,0,0.244842332723475,0,0,0,0.223595868832947,0.244210005508362,0.256197577248607,0,0,0,0,0,0,0,0,0
0,0,0,0,0,0,0,0,0,0,0,0,0,0,0,0,0,0,0,0,0,0,0,0,0,0,0,0,0,0,0,0,0,0,0,0,0,0,0,0,0,0,0,0,0,0,0,0,0,0,0,0,0,0,0,0,0,0,0.22919167833507,0.20134465933435,0.242602215687672,0,0,0,0,0,0,0,0.244842332723475,0,0.186984416302012,0,0,0,0.234360199668804,0.200855489616377,0.221395895998725,0,0,0,0,0,0,0,0
0,0,0,0,0,0,0,0,0,0,0,0,0,0,0,0,0,0,0,0,0,0,0,0,0,0,0,0,0,0,0,0,0,0,0,0,0,0,0,0,0,0,0,0,0,0,0,0,0,0,0,0,0,0,0,0,0,0,0,0.232390800497998,0.187296944033482,0.203291663636986,0,0,0,0,0,0,0,0.186984416302012,0,0.186984380667898,0,0,0,0.216787348937843,0.187296944033482,0.203291663636986,0,0,0,0,0,0,0
0,0,0,0,0,0,0,0,0,0,0,0,0,0,0,0,0,0,0,0,0,0,0,0,0,0,0,0,0,0,0,0,0,0,0,0,0,0,0,0,0,0,0,0,0,0,0,0,0,0,0,0,0,0,0,0,0,0,0,0,0.203291663636986,0.231257481150422,0.233927835268261,0,0,0,0,0,0,0,0.186984380667898,0,0.226247503901702,0,0,0,0.203291663636986,0.187296944033482,0.249668913942547,0,0,0,0,0,0
0,0,0,0,0,0,0,0,0,0,0,0,0,0,0,0,0,0,0,0,0,0,0,0,0,0,0,0,0,0,0,0,0,0,0,0,0,0,0,0,0,0,0,0,0,0,0,0,0,0,0,0,0,0,0,0,0,0,0,0,0,0.230506637743481,0.233219096823541,0.246385051116778,0,0,0,0,0,0,0,0.226247503901702,0,0,0,0,0,0.203290794142077,0.206593516020942,0.221085365400985,0,0,0,0,0
0,0,0,0,0,0,0,0,0,0,0,0,0,0,0,0,0,0,0,0,0,0,0,0,0,0,0,0,0,0,0,0,0,0,0,0,0,0,0,0,0,0,0,0,0,0,0,0,0,0,0,0,0,0,0,0,0,0,0,0,0,0,0,0,0,0,0.203277753018717,0.199196683987987,0.223595868832947,0,0,0,0,0,0.21967263921526,0,0,0,0,0,0.23410282002242,0.233363120852564,0,0,0
0,0,0,0,0,0,0,0,0,0,0,0,0,0,0,0,0,0,0,0,0,0,0,0,0,0,0,0,0,0,0,0,0,0,0,0,0,0,0,0,0,0,0,0,0,0,0,0,0,0,0,0,0,0,0,0,0,0,0,0,0,0,0,0,0,0,0,0.230059017865275,0.244210005508362,0.234360199668804,0,0,0,0.21967263921526,0,0.22528704063965,0,0,0,0,0.250595940015099,0.18728636796794,0.203288185722333,0,0
0,0,0,0,0,0,0,0,0,0,0,0,0,0,0,0,0,0,0,0,0,0,0,0,0,0,0,0,0,0,0,0,0,0,0,0,0,0,0,0,0,0,0,0,0,0,0,0,0,0,0,0,0,0,0,0,0,0,0,0,0,0,0,0,0,0,0,0,0.256197577248607,0.200855489616377,0.216787348937843,0,0,0,0.22528704063965,0,0.208906218007989,0,0,0,0,0.260797860677656,0.18729341886089,0,0
0,0,0,0,0,0,0,0,0,0,0,0,0,0,0,0,0,0,0,0,0,0,0,0,0,0,0,0,0,0,0,0,0,0,0,0,0,0,0,0,0,0,0,0,0,0,0,0,0,0,0,0,0,0,0,0,0,0,0,0,0,0,0,0,0,0,0,0,0,0.221395895998725,0.187296944033482,0.203291663636986,0,0,0,0.208906218007989,0,0.186984380667898,0,0,0,0,0.203290794142077,0,0
0,0,0,0,0,0,0,0,0,0,0,0,0,0,0,0,0,0,0,0,0,0,0,0,0,0,0,0,0,0,0,0,0,0,0,0,0,0,0,0,0,0,0,0,0,0,0,0,0,0,0,0,0,0,0,0,0,0,0,0,0,0,0,0,0,0,0,0,0,0,0.203291663636986,0.187296944033482,0.203290794142077,0,0,0,0.186984380667898,0,0.186984416302012,0,0,0,0,0.214217759179929,0
0,0,0,0,0,0,0,0,0,0,0,0,0,0,0,0,0,0,0,0,0,0,0,0,0,0,0,0,0,0,0,0,0,0,0,0,0,0,0,0,0,0,0,0,0,0,0,0,0,0,0,0,0,0,0,0,0,0,0,0,0,0,0,0,0,0,0,0,0,0,0,0.249668913942547,0.206593516020942,0,0,0,0,0.186984416302012,0,0.194228855735514,0,0,0,0.224842022319225,0.218669422183976
0,0,0,0,0,0,0,0,0,0,0,0,0,0,0,0,0,0,0,0,0,0,0,0,0,0,0,0,0,0,0,0,0,0,0,0,0,0,0,0,0,0,0,0,0,0,0,0,0,0,0,0,0,0,0,0,0,0,0,0,0,0,0,0,0,0,0,0,0,0,0,0,0.221085365400985,0,0,0,0,0,0.194228855735514,0,0,0,0,0.224788191212342,0.18728636796794
0,0,0,0,0,0,0,0,0,0,0,0,0,0,0,0,0,0,0,0,0,0,0,0,0,0,0,0,0,0,0,0,0,0,0,0,0,0,0,0,0,0,0,0,0,0,0,0,0,0,0,0,0,0,0,0,0,0,0,0,0,0,0,0,0,0,0,0,0,0,0,0,0,0.23410282002242,0.250595940015099,0,0,0,0,0,0,0.21798591784783,0,0,0
0,0,0,0,0,0,0,0,0,0,0,0,0,0,0,0,0,0,0,0,0,0,0,0,0,0,0,0,0,0,0,0,0,0,0,0,0,0,0,0,0,0,0,0,0,0,0,0,0,0,0,0,0,0,0,0,0,0,0,0,0,0,0,0,0,0,0,0,0,0,0,0,0,0.233363120852564,0.18728636796794,0.260797860677656,0,0,0,0,0.21798591784783,0,0.186984523193608,0,0
0,0,0,0,0,0,0,0,0,0,0,0,0,0,0,0,0,0,0,0,0,0,0,0,0,0,0,0,0,0,0,0,0,0,0,0,0,0,0,0,0,0,0,0,0,0,0,0,0,0,0,0,0,0,0,0,0,0,0,0,0,0,0,0,0,0,0,0,0,0,0,0,0,0,0.203288185722333,0.18729341886089,0.203290794142077,0,0,0,0,0.186984523193608,0,0,0
0,0,0,0,0,0,0,0,0,0,0,0,0,0,0,0,0,0,0,0,0,0,0,0,0,0,0,0,0,0,0,0,0,0,0,0,0,0,0,0,0,0,0,0,0,0,0,0,0,0,0,0,0,0,0,0,0,0,0,0,0,0,0,0,0,0,0,0,0,0,0,0,0,0,0,0,0,0.214217759179929,0.224842022319225,0.224788191212342,0,0,0,0,0.222969930567234
0,0,0,0,0,0,0,0,0,0,0,0,0,0,0,0,0,0,0,0,0,0,0,0,0,0,0,0,0,0,0,0,0,0,0,0,0,0,0,0,0,0,0,0,0,0,0,0,0,0,0,0,0,0,0,0,0,0,0,0,0,0,0,0,0,0,0,0,0,0,0,0,0,0,0,0,0,0,0.218669422183976,0.18728636796794,0,0,0,0.222969930567234,0
