"","ID","x","y","country","region","subregion","pop","lights","num_landpixels","gridarea","pop_dens","pop_sd","lights_sd","rugg","altitude","landsuit","temp","precip","growingdays","malaria","harbor","alternative_lights","lights_raw","un_code"
"1",23854,13.75,4.25,"Cameroon",2,17,35781.3153915,0.010527347,900,3069.042,11.65879136807,2.782750486015,12.436039,442.028675,675.84335,0.292,24.15048,130.20595,298.916675,14.77961,453.41415,7.17995,287.19801,120
"2",23855,13.75,4.75,"Cameroon",2,17,43109.8132944,0.295767143,900,3066.99,14.05606381811,0.073179236481,470.116318,253.005625,730.0761,0.378,24.22468,127.18705,289.999975,15.1625,455.32465,263.89575,12666.99609,120
"3",23856,13.75,5.25,"Cameroon",2,17,43097.6169672,0.0033995,900,3064.712,14.06253495211,0.002770995456,0,395.742372,730.879725,0.287,24.13109,126.35875,276.083325,13.27972,462.4124,0,0,120
"4",23857,13.75,5.75,"Cameroon",2,17,43076.1844091,0.0033995,900,3062.206,14.06704408009,0.034738236667,0,1196.13415,807.33365,0.431,23.94279,126.34955,261.055525,11.51305,476.69063,0,0,120
"5",23858,13.75,6.25,"Cameroon",2,17,44352.3372869,0.0033995,900,3059.473,14.49672623736,0.05491320004,0,1130.11535,908.518625,0.425,23.51603,128.3625,247.7778,10.3443,501.73442,0,0,120
"6",23859,13.75,6.75,"Cameroon",2,17,70560.8025055,0.0033995,900,3056.512,23.08539714174,3.697954581382,0,792.265657,977.929775,0.47,23.26587,130.98005,239.6667,7.954226,530.39908,0,0,120
"7",24010,14.25,3.25,"Cameroon",2,17,18480.9984815,0.0033995,900,3072.461,6.01504753068,0.435567854259,0,983.725515,609.569175,0.256,24.07003,134.46545,314.8611,14.25656,519.78993,0,0,120
"8",24011,14.25,3.75,"Cameroon",2,17,31904.1867886,0.066920287,900,3070.865,10.38931562306,3.131295387103,59.304545,371.231495,623.6497,0.256,23.99311,132.56045,305.888925,13.98528,512.07855,58.698475,2347.93907,120
"9",24012,14.25,4.25,"Cameroon",2,17,41481.6180429,0.057715424,900,3069.042,13.51614732663,0.002157036033,83.047087,352.7718,615.910825,0.274,24.43958,128.31105,298.777775,15.92553,508.94923,51.1790012,2047.16006,120
"10",24013,14.25,4.75,"Cameroon",2,17,42156.6136169,0.0033995,900,3066.99,13.7452706489,0.22680736707,0,381.25825,695.97415,0.435,24.31186,126.95815,290.638875,15.47744,510.49223,0,0,120
"11",24014,14.25,5.25,"Cameroon",2,17,43066.1231194,0.0033995,900,3064.712,14.05225866847,0.060434978309,0,353.487017,820.882775,0.278,23.63141,126.71255,277.416675,11.44893,516.67313,0,0,120
"12",24015,14.25,5.75,"Cameroon",2,17,42925.3682547,0.00853476,900,3062.206,14.01779325803,0.376114336289,9.029488,1667.342575,882.735575,0.343,23.54615,125.8333,262.05555,10.17182,528.74997,5.38662,215.4648,120
"13",24016,14.25,6.25,"Cameroon",2,17,43783.1502957,0.008336121,900,3059.473,14.31068535441,0.725144539567,9.020253,547.80319,932.3697,0.472,23.46827,127.6456,247.69445,8.33381,551.2461,5.207845,208.31381,120
"14",24017,14.25,6.75,"Cameroon",2,17,57700.8021355,0.104167485,900,3056.512,18.8779872875,4.480391212674,97.892661,890.27985,1049.073,0.485,23.025,131.4942,239.527775,7.173357,577.84065,92.220975,3688.83896,120
"15",24018,14.25,7.25,"Cameroon",2,17,67972.7691658,0.0033995,900,3053.325,22.26188276332,3.829820009382,0,1841.410575,1288.1125,0.425,21.40657,132.58975,231.2222,3.313274,607.35603,0,0,120
"16",24169,14.75,2.75,"Cameroon",2,17,14464.8970726,0.0033995,900,3073.829,4.7058237025,0.437709421298,0,240.753085,593.11555,0.299,23.91779,128.74445,337,13.59935,580.34405,0,0,120
"17",24170,14.75,3.25,"Cameroon",2,17,13921.0132935,0.060786705,900,3072.461,4.53090003332,0.077229482227,63.662319,593.74002,562.9175,0.288,24.05705,132.7092,314.55555,14.29165,574.47817,53.17824,2429.80634,120
"18",24171,14.75,3.75,"Cameroon",2,17,25221.8284934,0.02572279,900,3070.865,8.21326487789,3.745762107339,36.123389,176.741668,602.1206,0.309,24.14279,131.9486,304.333325,14.67271,567.38312,20.8558475,834.23393,120
"19",24172,14.75,4.25,"Cameroon",2,17,41472.203927,0.053474928,900,3069.042,13.51307988173,0.016294180741,79.384695,480.53398,606.99805,0.424,24.39856,128.16585,296.222225,15.75392,564.43818,45.832775,1833.311,120
"20",24173,14.75,4.75,"Central-African-Republic",2,17,33871.2295113,0.0033995,900,3066.99,11.04380017507,2.685549550323,0,492.762975,705.5911,0.509,24.0367,127.0078,287.611125,14.67947,565.71378,0,0,140
"21",24174,14.75,5.25,"Central-African-Republic",2,17,24986.5407963,0.0033995,900,3064.712,8.15298218339,2.666340459856,0,618.9806,832.278325,0.459,23.53125,125.5539,275.527775,12.71629,571.18865,0,0,140
"22",24175,14.75,5.75,"Central-African-Republic",2,17,24355.0390024,0.038577931,900,3062.206,7.95342976446,2.641990391204,57.76427,441.713325,927.161925,0.493,23.20641,121.64045,260.277775,11.50888,581.45785,32.425475,1556.42285,140
"23",24176,14.75,6.25,"Central-African-Republic",2,17,28979.8675041,0.0033995,900,3059.473,9.47217737104,3.364813356724,0,1374.390425,1001.271575,0.318,23.01346,122.13535,246.583325,10.85734,601.6544,0,0,140
"24",24177,14.75,6.75,"Cameroon",2,17,46622.2291899,0.0033995,900,3056.512,15.25340753314,3.247834393121,0,1766.801,1111.01,0.458,22.88766,126.8263,238.277775,6.653583,626.43045,0,0,120
"25",24178,14.75,7.25,"Cameroon",2,17,49700.5550728,0.0033995,900,3053.325,16.27751736294,1.801008470599,0,1154.4629,988.495825,0.446,23.51138,127.5277,224.4722,8.537631,654.04855,0,0,120
"26",24179,14.75,7.75,"Cameroon",2,17,48258.8346062,0.011707589,900,3049.911,15.82302813585,0.004595372619,14.275858,2745.96075,699.093325,0.712,24.63381,117.57425,204.94445,10.911,684.15818,8.24217,329.68681,120
"27",24333,15.25,2.25,"Cameroon",2,17,13790.7656782,0.0033995,900,3074.969,4.48484695564,0.244429480888,0,670.272275,459.47835,0.307,24.60577,121.4941,355.694425,16.51397,625.676,0,0,120
"28",24334,15.25,2.75,"Cameroon",2,17,13908.7406876,0.007159053,900,3073.829,4.52489093226,0.000467565727,7.185387,133.00171,466.4775,0.276,24.65945,123.54105,335.30555,16.79673,634.01468,4.148485,165.93941,120
"29",24335,15.25,3.25,"Cameroon",2,17,13889.8442969,0.02299572,900,3072.461,4.52075539768,0.045690831789,30.846051,568.98813,544.5825,0.337,24.2984,131.7424,314.69445,15.29428,629.20695,18.4014825,736.05927,120
"30",24336,15.25,3.75,"Central-African-Republic",2,17,34416.3891585,0.052352838,900,3070.865,11.20739205619,7.601972498271,57.46615,180.237842,600.319725,0.303,24.1117,130.92615,302.722225,14.86068,622.64577,45.587785,1823.51147,140
"31",24337,15.25,4.25,"Central-African-Republic",2,17,70024.0704012,0.011218013,900,3069.042,22.81626649599,12.60776741907,13.512685,677.79295,586.302775,0.442,24.3633,125.47475,292.1667,15.96868,619.8779,7.8015525,312.06209,140
"32",24338,15.25,4.75,"Central-African-Republic",2,17,42239.9497705,0.0033995,900,3066.99,13.77244261283,10.773918275055,0,660.017575,689.364725,0.435,24.14471,123.5142,284.4722,15.14768,620.95947,0,0,140
"33",24339,15.25,5.25,"Central-African-Republic",2,17,22731.5933342,0.0033995,900,3064.712,7.41720420465,1.574528654548,0,1050.224625,693.42225,0.256,24.21394,122.98215,272.30555,15.63428,625.87717,0,0,140
"34",24340,15.25,5.75,"Central-African-Republic",2,17,35721.902205,0.0033995,900,3062.206,11.66541512055,4.245357366882,0,736.433375,761.838325,0.375,24.26923,122.9654,256.083325,16.04838,634.65318,0,0,140
"35",24341,15.25,6.25,"Central-African-Republic",2,17,43492.9260268,0.0033995,900,3059.473,14.21582447376,7.787681893632,0,575.805165,971.91235,0.396,23.07452,122.24465,244.416675,11.0768,652.76653,0,0,140
"36",24342,15.25,6.75,"Central-African-Republic",2,17,46509.5237103,0.0033995,900,3056.512,15.2165336504,2.457949856904,0,752.273225,1176.95975,0.406,22.95,120.31385,234.249975,8.93856,675.93505,0,0,140
"37",24343,15.25,7.25,"Cameroon",2,17,51457.7861452,0.161596126,900,3053.325,16.85303124302,1.350396325338,254.999624,2234.188625,850.09145,0.787,24.42564,113.9716,214.2222,14.15475,701.84975,143.14185,6870.80859,120
"38",24344,15.25,7.75,"Cameroon",2,17,49606.1203852,0.049521918,900,3049.911,16.26477400398,1.922663006269,73.222576,1588.569225,624.7675,0.491,25.02869,106.7876,197.111125,11.77824,730.21185,42.275075,1691.00296,120
"39",24345,15.25,8.25,"Cameroon",2,17,68081.5292234,0.0033995,900,3046.271,22.34913653041,8.639751820117,0,561.58685,513.05165,0.591,26.36939,102.85895,183.694425,15.59226,760.74238,0,0,120
"40",24502,15.75,1.75,"Congo",2,17,8500.7420946,0.024984505,900,3075.881,2.7636769382,0.827233156137,33.846457,317.239517,359.793875,0.314,24.13077,136.452,363.55555,14.54689,675.34635,20.1914,807.65602,178
"41",24503,15.75,2.25,"Cameroon",2,17,13914.041151,0.0033995,900,3074.969,4.52493694354,0.000382667358,0,288.009915,498.039175,0.281,24.34824,134.9647,353.194475,15.50039,679.65688,0,0,120
"42",24504,15.75,2.75,"Cameroon",2,17,13913.6065962,0.0033995,900,3073.829,4.52647394443,0.043126819546,0,355.255468,464.93335,0.247,24.66939,131.6651,335.361125,16.9412,687.42067,0,0,120
"43",24505,15.75,3.25,"Cameroon",2,17,14014.5243835,0.0033995,900,3072.461,4.56133527478,0.929741717014,0,311.4937,568.228325,0.281,24.18894,130.1452,315,15.20452,683.95265,0,0,120
"44",24506,15.75,3.75,"Central-African-Republic",2,17,37041.0097456,0.0033995,900,3070.865,12.06207648526,6.358801042802,0,1047.4424,534.0586,0.328,24.30096,127.5476,300.333325,15.74671,677.86267,0,0,140
"45",24507,15.75,4.25,"Central-African-Republic",2,17,66549.3640065,0.055760449,900,3069.042,21.68408685202,15.308227199064,76.545788,253.265115,577.877775,0.265,24.32308,124.28235,290,15.82973,675.26648,48.6546175,1946.18464,140
"46",24508,15.75,4.75,"Central-African-Republic",2,17,65761.5632505,0.035747302,900,3066.99,21.44172426625,7.958801524308,50.083749,1598.02695,601.112775,0.141,24.37596,122.13755,281.583325,16.20597,676.20933,29.8779,1195.11597,140
"47",24509,15.75,5.25,"Central-African-Republic",2,17,28123.3713796,0.0033995,900,3064.712,9.17651417474,5.925587381861,0,991.72215,661.4539,0.127,24.79647,121.12385,269.166675,18.14907,680.68303,0,0,140
"48",24510,15.75,5.75,"Central-African-Republic",2,17,39633.42767,0.046243144,900,3062.206,12.94277062201,10.086871914753,49.041815,1517.3564,809.484425,0.268,24.8226,121.22765,253.388875,18.28251,688.62625,40.08905,1836.99681,140
"49",24511,15.75,6.25,"Central-African-Republic",2,17,68427.6827998,0.0033995,900,3059.473,22.36584237236,14.674647066854,0,1603.150825,925.075575,0.389,23.46587,119.296,241.6389,12.65179,704.4432,0,0,140
"50",24512,15.75,6.75,"Central-African-Republic",2,17,66011.6960263,0.0033995,900,3056.512,21.59706472512,8.966892423142,0,571.269775,980.452975,0.437,23.27917,114.4833,223.138875,10.01751,726.18062,0,0,140
"51",24513,15.75,7.25,"Central-African-Republic",2,17,98677.4888396,0.015842975,900,3053.325,32.3180402224,17.498925837281,20.055044,1316.438675,861.76745,0.572,24.17869,107.72685,205.027775,13.18999,750.5604,11.9640125,478.56049,140
"52",24514,15.75,7.75,"Chad",2,17,84551.3495646,0.068966405,900,3049.911,27.72255886412,4.38635005288,50.054504,622.184575,552.8833,0.421,25.60641,105.12665,191.250025,19.9779,777.32745,61.30487,2452.19481,148
"53",24515,15.75,8.25,"Chad",2,17,155672.1229513,0.0033995,900,3046.271,51.10251737149,31.079927544493,0,224.535223,462.16305,0.599,26.57676,104.2205,179.5,23.56035,806.23883,0,0,148
"54",24672,16.25,1.75,"Congo",2,17,7668.3144001,0.083207538,900,3075.881,2.49304630425,0.652992760165,119.925534,40.99897,352.755,0.228,24.66266,138.6449,362.44445,16.76847,729.7775,72.592125,3484.422,178
"55",24673,16.25,2.25,"Congo",2,17,8726.5225013,0.015011038,900,3074.969,2.8379220405,0.788220140664,17.94444,966.779747,384.92945,0.271,24.38926,138.3606,352.222225,15.65308,733.72227,11.215275,448.61099,178
"56",24674,16.25,2.75,"Central-African-Republic",2,17,11681.3614662,0.059420703,900,3073.829,3.8002640039,1.360999903393,81.89436,712.00755,421.126125,0.287,24.49583,135.75245,333.805575,16.51089,740.8778,51.183975,2047.35901,140
"57",24675,16.25,3.25,"Central-African-Republic",2,17,25218.1663131,0.0033995,900,3072.461,8.20780701656,5.559221201518,0,1044.48265,495.62915,0.294,24.11603,133.0225,312.555575,14.89143,738.6987,0,0,140
"58",24676,16.25,3.75,"Central-African-Republic",2,17,43817.1097825,0.008209653,900,3070.865,14.26865339766,6.340575685883,8.150444,1207.425745,542.265825,0.285,24.08526,127.71815,298.3889,14.7988,733.03128,5.0940275,203.7611,140
"59",24677,16.25,4.25,"Central-African-Republic",2,17,28810.8946469,0.0033995,900,3069.042,9.38758696095,1.038701110955,0,972.062175,514.09335,0.197,24.72388,123.73725,287.138875,17.64415,730.60255,0,0,140
"60",24678,16.25,4.75,"Central-African-Republic",2,17,46467.1863184,0.0033995,900,3066.99,15.15074379652,5.844166814028,0,1053.526125,616.615825,0.079,24.26282,122.80815,278.888875,15.74938,731.44965,0,0,140
"61",24679,16.25,5.25,"Central-African-Republic",2,17,25489.8691742,0.0033995,900,3064.712,8.3172156934,4.267281245759,0,654.224263,735.875275,0.079,24.07436,121.03625,267.69445,15.04362,735.56723,0,0,140
"62",24680,16.25,5.75,"Central-African-Republic",2,17,30502.4465897,0.0033995,900,3062.206,9.96093935926,3.662410730346,0,1199.640975,813.16415,0.09,23.92596,119.17025,251.3611,14.47592,742.9083,0,0,140
"63",24681,16.25,6.25,"Central-African-Republic",2,17,45043.118906,0.026350656,900,3059.473,14.72251077621,66.108875072181,39.265201,202.51912,755.108075,0.387,24.41875,114.92715,235.69445,16.41402,756.58158,21.4209225,1285.25539,140
"64",24682,16.25,6.75,"Central-African-Republic",2,17,41091.4001348,0.0033995,900,3056.512,13.44388467164,4.429885086192,0,469.259417,770.51195,0.421,24.44359,110.6051,214.888875,14.31683,777.03575,0,0,140
"65",24683,16.25,7.25,"Central-African-Republic",2,17,72336.6102242,0.026168072,900,3053.325,23.69109212516,8.348357424327,30.116733,1141.217275,629.5336,0.443,25.38638,105.5556,200.66665,17.71511,800.02605,22.0214925,1530.31114,140
"66",24684,16.25,7.75,"Chad",2,17,78812.2723627,0.0033995,900,3049.911,25.84083957315,4.490476840955,0,492.950025,499.540275,0.655,26.14343,102.2281,187.277775,21.97861,825.33428,0,0,148
"67",24685,16.25,8.25,"Chad",2,17,89388.7040386,0.024044413,900,3046.271,29.34364685433,4.005722803132,23.38029,477.825375,500.918325,0.576,26.4883,101.265425,174.7778,23.15281,852.7488,20.1101975,1206.61185,148
"68",24846,16.75,1.75,"Congo",2,17,20176.059808,0.0033995,900,3075.881,6.55944040819,3.430929503457,0,80.997732,380.781375,0.193,24.8351,139.92815,362.277775,17.50511,781.34388,0,0,178
"69",24847,16.75,2.25,"Congo",2,17,20289.1338003,0.0033995,900,3074.969,6.59815865776,3.427709557435,0,191.756442,432.963875,0.249,24.74135,139.3899,350.972225,17.12019,787.84288,0,0,178
"70",24848,16.75,2.75,"Congo",2,17,31068.1374627,0.0033995,900,3073.829,10.10730853675,1.062811764226,0,591.004878,460.309175,0.165,24.58381,136.60135,330.305575,16.42199,794.49298,0,0,178
"71",24849,16.75,3.25,"Congo",2,17,31080.8731418,0.0033995,900,3072.461,10.11595393127,2.071655480789,0,303.494287,500.715575,0.079,23.97981,132.2238,311.944425,13.9746,793.43318,0,0,178
"72",24850,16.75,3.75,"Central-African-Republic",2,17,10344.5869806,0.053624256,900,3070.865,3.36862305389,2.694249071136,79.617482,926.447275,574.283625,0.079,24.16522,127.88775,298.361075,15.11727,788.14993,45.967175,1838.68698,140
"73",24851,16.75,4.25,"Central-African-Republic",2,17,22320.4800203,0.023143134,900,3069.042,7.27278516578,3.159306442053,32.102121,233.264055,568.4769,0.079,24.48654,124.32695,285.138925,16.57896,785.8854,18.5341675,741.36673,140
"74",24852,16.75,4.75,"Central-African-Republic",2,17,32663.4014177,0.0033995,900,3066.99,10.64998476585,0.372372263692,0,1011.52406,603.21995,0.079,24.44263,122.5041,277.111125,16.41353,786.67055,0,0,140
"75",24853,16.75,5.25,"Central-African-Republic",2,17,29459.5123112,0.0033995,900,3064.712,9.61249021875,1.060238803962,0,435.238407,694.63695,0.116,24.27981,121.5927,266.777775,15.75853,790.50183,0,0,140
"76",24854,16.75,5.75,"Central-African-Republic",2,17,20976.4797455,0.0033995,900,3062.206,6.85012076331,1.158449903038,0,288.222237,695.59555,0.347,24.44199,119.83165,250.3611,16.53593,797.3423,0,0,140
"77",24855,16.75,6.25,"Central-African-Republic",2,17,12655.6962184,0.0033995,900,3059.473,4.13656133236,1.62170119475,0,480.2973,640.38195,0.273,24.97308,115.93695,233.722225,18.70483,809.10433,0,0,140
"78",24856,16.75,6.75,"Central-African-Republic",2,17,45274.3745179,0.0033995,900,3056.512,14.8124295498,4.449401812643,0,315.257162,604.07835,0.271,25.24343,112.3902,213.527775,17.26302,828.3996,0,0,140
"79",24857,16.75,7.25,"Central-African-Republic",2,17,57700.4822426,0.0033995,900,3053.325,18.89758776694,8.225322223601,0,307.234725,499.899425,0.267,25.9601,107.1823,200.444475,19.87665,850.126,0,0,140
"80",24858,16.75,7.75,"Chad",2,17,85055.3105311,0.072578098,900,3049.911,27.88779676551,5.03065074327,109.163628,55.74391,457.5714,0.767,26.41234,101.26509,185.805575,23.04576,874.096,63.02565,2521.026,148
"81",24859,16.75,8.25,"Chad",2,17,146564.1502838,0.132129469,900,3046.271,48.11264145384,16.335377785767,162.328615,144.521475,437.8639,0.758,26.73045,97.671585,172.555575,21.27481,900.1251,118.1516425,4726.06558,148
"82",24860,16.75,8.75,"Chad",2,17,239124.1403236,0.947904742,900,3042.405,78.59708969547,10.787483970913,865.773301,64.004198,400.203625,0.723,27.05721,93.428075,164.833325,22.15138,928.03577,851.5845,34063.38013,148
"83",25017,17.25,2.25,"Congo",2,17,31741.6670122,0.0033995,900,3074.969,10.32259716311,0.000872950093,0,29.751005,433.25695,0.176,24.64247,141.75755,348.666675,16.6634,841.997,0,0,178
"84",25018,17.25,2.75,"Congo",2,17,31729.5752888,0.0033995,900,3073.829,10.3224922179,0.001066637173,0,24.750425,439.89335,0.196,24.66875,138.93885,326.388875,16.80674,848.2254,0,0,178
"85",25019,17.25,3.25,"Congo",2,17,31715.0670519,0.036800904,900,3072.461,10.32236629134,0.001260291584,51.673285,82.24911,451.141675,0.128,24.25897,136.6315,312.333325,15.14313,848.1474,30.82615,1233.04604,178
"86",25020,17.25,3.75,"Central-African-Republic",2,17,31549.2987592,0.0033995,900,3070.865,10.2737494821,6.425408885354,0,1284.669025,498.253625,0.1,24.3391,132.8797,300.7222,15.88886,843.21732,0,0,140
"87",25021,17.25,4.25,"Central-African-Republic",2,17,39621.057745,0.0033995,900,3069.042,12.90991236561,5.467739275815,0,836.299825,543.97555,0.234,24.49615,125.3442,285.916675,16.53548,841.1146,0,0,140
"88",25022,17.25,4.75,"Central-African-Republic",2,17,29320.2200985,0.0033995,900,3066.99,9.55993202872,2.404082189935,0,741.270925,635.206125,0.209,24.43045,121.90285,277.888875,16.37924,841.86487,0,0,140
"89",25023,17.25,5.25,"Central-African-Republic",2,17,37747.2958989,0.0033995,900,3064.712,12.31675218447,4.023788009232,0,196.994325,721.95445,0.28,24.38862,123.23885,268.6389,16.31646,845.46602,0,0,140
"90",25024,17.25,5.75,"Central-African-Republic",2,17,13184.671578,0.0033995,900,3062.206,4.30561245881,2.879417448422,0,329.4721,660.5353,0.275,24.5383,122.20785,250.6389,16.8006,851.88845,0,0,140
"91",25025,17.25,6.25,"Central-African-Republic",2,17,32827.5599836,0.022013981,900,3059.473,10.72980995441,59.297301166654,30.341933,310.027332,571.066125,0.273,25.32548,118.30785,234.7778,17.61886,862.32433,17.5179225,700.71693,140
"92",25026,17.25,6.75,"Central-African-Republic",2,17,89043.970953,0.023023935,900,3056.512,29.13254044081,57.917441416329,31.916295,251.2598,538.330275,0.271,25.60994,114.7119,214.80555,18.59808,880.19388,18.4268825,737.07527,140
"93",25027,17.25,7.25,"Central-African-Republic",2,17,40257.70137,0.0033995,900,3053.325,13.18487151869,8.770836729397,0,122.244992,462.8836,0.679,26.13686,111.07095,201.277775,20.51148,900.76465,0,0,140
"94",25028,17.25,7.75,"Central-African-Republic",2,17,52163.5938668,0.0033995,900,3049.911,17.10331424613,10.530028794654,0,154.234238,439.034475,0.673,26.50417,101.931215,186.69445,21.76817,923.50288,0,0,140
"95",25029,17.25,8.25,"Chad",2,17,161368.5019817,0.0033995,900,3046.271,52.97246879783,21.964507850829,0,102.015445,408.20055,0.799,26.86426,93.28994,172.8611,21.7907,948.24743,0,0,148
"96",25030,17.25,8.75,"Chad",2,17,248762.4382229,0.0033995,900,3042.405,81.76507668112,18.201563387664,0,46.003253,374.730575,0.736,27.1484,87.339675,166.66665,22.58419,974.8412,0,0,148
"97",25186,17.75,2.75,"Congo",2,17,31729.5752754,0.0033995,900,3073.829,10.32249221355,0.001066645005,0,70.001165,414.047225,0.143,24.85369,137.69285,325.194475,17.57697,902.04395,0,0,178
"98",25187,17.75,3.25,"Congo",2,17,31715.0670424,0.0033995,900,3072.461,10.32236628823,0.001260287081,0,71.998735,432.35945,0.261,24.58269,138.2158,312.2778,16.52934,902.83488,0,0,178
"99",25188,17.75,3.75,"Central-African-Republic",2,17,67722.4947639,0.0033995,900,3070.865,22.05323011507,22.13175509535,0,333.729477,472.103875,0.249,24.72628,137.5225,302.75,17.55987,898.23283,0,0,140
"100",25189,17.75,4.25,"Central-African-Republic",2,17,25995.145051,0.0033995,900,3069.042,8.4701182563,7.05872887701,0,569.037075,529.600575,0.38,24.89728,129.6901,289.58335,18.34558,896.28982,0,0,140
"101",25190,17.75,4.75,"Central-African-Republic",2,17,18132.76125,0.007762961,900,3066.99,5.9122327343,0.98356508369,7.865113,767.521125,588.31445,0.31,24.66987,122.96855,279.9722,17.42892,897.02747,4.6920025,187.68009,140
"102",25191,17.75,5.25,"Central-African-Republic",2,17,17081.5611893,0.0033995,900,3064.712,5.573627225,0.712582941193,0,444.484427,660.4511,0.256,24.82404,126.1473,271.111125,18.08453,900.44448,0,0,140
"103",25192,17.75,5.75,"Central-African-Republic",2,17,9907.0219878,0.0033995,900,3062.206,3.23525671821,1.647064818444,0,295.22248,606.583875,0.27,25.05032,125.72725,252.80555,18.91922,906.5165,0,0,140
"104",25193,17.75,6.25,"Central-African-Republic",2,17,21847.8127987,0.0033995,900,3059.473,7.14103879079,3.459216668997,0,410.787995,532.7647,0.274,25.3891,118.9154,236.6389,20.31568,915.9078,0,0,140
"105",25194,17.75,6.75,"Central-African-Republic",2,17,45529.61413,0.0033995,900,3056.512,14.89593636382,6.321488674164,0,651.267375,469.615275,0.271,25.70833,114.5314,215.83335,18.92118,932.35693,0,0,140
"106",25195,17.75,7.25,"Central-African-Republic",2,17,21049.9972007,0.0033995,900,3053.325,6.89412209628,2.548559974328,0,414.73065,435.603325,0.393,26.3359,110.9606,201.972225,21.22821,951.8658,0,0,140
"107",25196,17.75,7.75,"Central-African-Republic",2,17,19772.7075627,0.0033995,900,3049.911,6.48304317001,6.580958501402,0,233.225757,390.516425,0.596,26.61218,102.249005,187.30555,22.13136,973.4661,0,0,140
"108",25197,17.75,8.25,"Chad",2,17,95345.0151348,0.0033995,900,3046.271,31.29892622929,0.663493531893,0,81.010868,368.747225,0.787,27.04712,93.97924,174.000025,22.40599,997.01667,0,0,148
"109",25198,17.75,8.75,"Chad",2,17,111114.1433678,0.020287442,900,3042.405,36.52181783442,5.746697142103,28.439089,290.767175,374.0589,0.741,27.28045,88.09392,167.333325,23.09756,1022.37875,15.9640375,766.27382,148
"110",25356,18.25,2.75,"Congo",2,17,47247.6210281,0.0033995,900,3073.829,15.37093377198,9.506641258864,0,92.251345,363.354475,0.152,25.01122,136.5788,325.194425,18.20762,955.33135,0,0,178
"111",25357,18.25,3.25,"Congo",2,17,31897.5454421,0.00544531,900,3072.461,10.38175789789,0.854793741434,4.64266,71.998675,403.368625,0.161,25.07917,134.937,312.25,18.45378,957.49077,2.6061175,125.09364,178
"112",25358,18.25,3.75,"Central-African-Republic",2,17,88953.8122387,0.0033995,900,3070.865,28.96702045241,19.765374722822,0,353.98025,432.6022,0.269,25.19359,132.653,302.41665,19.56264,953.1959,0,0,140
"113",25359,18.25,4.25,"Central-African-Republic",2,17,149066.1717541,0.060468071,900,3069.042,48.57091969651,30.912696128655,90.285963,159.009155,412.71585,0.31,25.1101,125.3745,291.16665,19.23683,951.41102,52.126625,2085.065,140
"114",25360,18.25,4.75,"Central-African-Republic",2,17,57827.5919757,0.010180961,900,3066.99,18.85483283601,24.841470790122,11.513036,919.7643,451.40555,0.399,25.10737,118.55225,282.1111,19.20551,952.15442,6.8682025,274.72811,140
"115",25361,18.25,5.25,"Central-African-Republic",2,17,10857.5343881,0.0033995,900,3064.712,3.54275868529,1.64556988591,0,1844.94825,539.691675,0.256,25.30353,120.14365,272.472225,20.03657,955.4251,0,0,140
"116",25362,18.25,5.75,"Central-African-Republic",2,17,5904.8811308,0.0033995,900,3062.206,1.92830967492,0.007125033305,0,1566.615775,573.4039,0.26,25.14744,120.387,256.111125,19.34884,961.20327,0,0,140
"117",25363,18.25,6.25,"Central-African-Republic",2,17,9620.1858784,0.0033995,900,3059.473,3.14439349902,1.940588651005,0,2034.192,505.8111,0.275,25.5875,115.8869,238.972225,21.11346,969.67752,0,0,140
"118",25364,18.25,6.75,"Central-African-Republic",2,17,22306.8984623,0.0033995,900,3056.512,7.29815409855,1.546310754042,0,2506.82825,456.05475,0.272,25.78542,112.4682,219.8611,19.22586,984.83962,0,0,140
"119",25365,18.25,7.25,"Central-African-Republic",2,17,43846.2123632,0.0033995,900,3053.325,14.36015114915,40.922817416162,0,1170.9587,418.981675,0.517,26.26923,108.64215,203.58335,20.92485,1003.36795,0,0,140
"120",25366,18.25,7.75,"Central-African-Republic",2,17,15813.37958,0.0033995,900,3049.911,5.18486515597,0.918144587998,0,940.90045,406.909725,0.519,26.49471,102.469995,188.805575,21.62143,1023.91325,0,0,140
"121",25367,18.25,8.25,"Chad",2,17,78019.8369613,0.0033995,900,3046.271,25.61158669931,4.602653013694,0,713.60915,381.194425,0.778,27.5726,95.383485,175.80555,27.29918,1046.351,0,0,148
"122",25368,18.25,8.75,"Chad",2,17,68053.9605293,0.0033995,900,3042.405,22.36847870155,2.725123381951,0,377.0295,357.807775,0.799,27.82244,89.73615,168.75,25.04035,1070.5585,0,0,148
"123",25369,18.25,9.25,"Chad",2,17,67130.7152958,0.14522618,900,3038.312,22.09474170571,6.844323630247,222.410748,1122.732375,344.7447,0.748,27.5891,87.138245,162.333325,24.00498,1096.415,128.4089,5136.3562,148
"124",25528,18.75,2.75,"Democratic-Republic-of-the-Congo",2,17,118773.9365413,0.0033995,900,3073.829,38.64038596415,4.143656504728,0,104.25142,400.30805,0.234,25.23942,136.70795,322.611075,19.12231,1001.64005,0,0,180
"125",25529,18.75,3.25,"Democratic-Republic-of-the-Congo",2,17,68088.4399695,0.023404983,900,3072.461,22.16088070763,7.178916682243,33.437447,90.99861,374.03195,0.228,25.2359,134.3504,310.16665,19.08683,1012.11145,18.7698225,900.95151,180
"126",25530,18.75,3.75,"Democratic-Republic-of-the-Congo",2,17,83989.516375,0.0033995,900,3070.865,27.35044150883,12.415827472485,0,225.235675,368.524725,0.247,25.31554,133.79575,300.3889,19.54384,1008.1064,0,0,180
"127",25531,18.75,4.25,"Democratic-Republic-of-the-Congo",2,17,960795.2984621,0.877703666,900,3069.042,313.06037270055,1739.84703424166,1364.229458,1514.837175,456.409975,0.268,25.24824,130.70815,290.777775,19.29649,1006.47835,787.63825,31505.52979,180
"128",25532,18.75,4.75,"Central-African-Republic",2,17,41997.1519039,0.0033995,900,3066.99,13.69327775347,18.632385086698,0,1280.276,458.283575,0.472,25.29231,123.94745,282.499975,19.92606,1007.2428,0,0,140
"129",25533,18.75,5.25,"Central-African-Republic",2,17,14866.5274351,0.0033995,900,3064.712,4.85087288773,0.919767348741,0,1884.191,436.45445,0.267,25.49455,118.8405,272.166675,20.79,1010.39897,0,0,140
"130",25534,18.75,5.75,"Central-African-Republic",2,17,12186.3029414,0.0033995,900,3062.206,3.97958321987,1.060906851327,0,2925.47675,522.6303,0.366,25.42901,115.02545,260.277775,20.49884,1015.93025,0,0,140
"131",25535,18.75,6.25,"Central-African-Republic",2,17,19170.6202408,0.0033995,900,3059.473,6.26598845588,6.723306407463,0,2113.45475,537.982225,0.275,25.67436,112.10845,243.7222,21.44692,1023.805,0,0,140
"132",25536,18.75,6.75,"Central-African-Republic",2,17,29422.9735796,0.0033995,900,3056.512,9.62632234978,4.400445160423,0,2126.327,477.754725,0.273,25.8242,109.63135,225.30555,19.31509,1037.6025,0,0,140
"133",25537,18.75,7.25,"Central-African-Republic",2,17,20017.4640169,0.0033995,900,3053.325,6.55595531318,3.010436395849,0,1712.9395,430.071125,0.434,26.29439,106.7777,205.6111,20.9783,1055.22075,0,0,140
"134",25538,18.75,7.75,"Central-African-Republic",2,17,15609.8975093,0.0033995,900,3049.911,5.11814778586,1.133648347329,0,483.69835,397.432225,0.522,26.5117,101.82873,191.08335,21.71422,1074.78425,0,0,140
"135",25539,18.75,8.25,"Chad",2,17,45840.2693076,0.0033995,900,3046.271,15.04799391307,7.748606586835,0,614.5877,381.72945,0.806,27.50433,93.92849,179.8889,27.02492,1096.182,0,0,148
"136",25540,18.75,8.75,"Chad",2,17,63648.4051899,0.0033995,900,3042.405,20.92042821319,4.351601004578,0,710.79595,360.482475,0.807,27.74936,90.48746,171.499975,24.83524,1119.30625,0,0,148
"137",25541,18.75,9.25,"Chad",2,17,47089.720438,0.0033995,900,3038.312,15.49864626777,3.446388426337,0,873.71625,359.112475,0.753,27.61683,87.959755,163.333325,24.13285,1144.0475,0,0,148
"138",25542,18.75,9.75,"Chad",2,17,36367.9321539,0.0033995,900,3033.993,11.98682003409,2.579394449816,0,592.431425,374.68195,0.661,27.80962,83.896805,155.5,24.55023,1170.301,0,0,148
"139",25699,19.25,3.25,"Democratic-Republic-of-the-Congo",2,17,177936.3452377,0.0033995,900,3072.461,57.91329808891,15.214875155526,0,80.498463,425.72805,0.251,24.97676,135.66645,305.972225,17.99637,1065.26975,0,0,180
"140",25700,19.25,3.75,"Democratic-Republic-of-the-Congo",2,17,119971.3983593,0.0033995,900,3070.865,39.06762242694,17.756339764269,0,764.701385,434.083875,0.256,25.13253,134.34005,297.472225,18.62938,1062.96425,0,0,180
"141",25701,19.25,4.25,"Democratic-Republic-of-the-Congo",2,17,72931.4450054,0.0033995,900,3069.042,23.76358980059,2.300546354119,0,723.5476,579.465275,0.256,25.07019,131.51155,288.499975,18.45388,1061.49175,0,0,180
"142",25702,19.25,4.75,"Democratic-Republic-of-the-Congo",2,17,63467.2823229,0.0033995,900,3066.99,20.69366815856,4.72399863506,0,684.7652,520.944175,0.261,25.18718,127.5988,278.972225,18.98101,1062.29,0,0,180
"143",25703,19.25,5.25,"Central-African-Republic",2,17,21413.1030247,0.0033995,900,3064.712,6.98698746958,3.434490947596,0,438.233578,441.14305,0.265,25.56346,121.294,270.277775,21.05254,1065.35925,0,0,140
"144",25704,19.25,5.75,"Central-African-Republic",2,17,43541.5286183,0.026813926,900,3062.206,14.21900780652,46.458247840538,27.322761,110.24036,449.221925,0.382,25.48462,115.42915,261.888925,20.68587,1070.684,22.6027575,938.644,140
"145",25705,19.25,6.25,"Central-African-Republic",2,17,31351.7855346,0.0033995,900,3059.473,10.24744759238,3.486703552019,0,88.25833,503.2714,0.33,25.63349,112.1331,245.972225,21.25011,1078.2375,0,0,140
"146",25706,19.25,6.75,"Central-African-Republic",2,17,46820.3934176,0.0033995,900,3056.512,15.31824097796,33.149278709239,0,593.271342,494.6986,0.274,25.69728,108.0632,227.47225,21.37693,1090.6135,0,0,140
"147",25707,19.25,7.25,"Central-African-Republic",2,17,23462.6267025,0.037990468,900,3053.325,7.68428668395,27.27274829488,49.209617,60.747392,404.596125,0.278,26.47548,104.815,209.055575,21.70645,1107.384,31.89675,1275.86998,140
"148",25708,19.25,7.75,"Central-African-Republic",2,17,7569.7030838,0.0033995,900,3049.911,2.48194192531,0.80545755027,0,92.989212,377.933875,0.489,26.67981,101.81398,195.249975,22.37302,1126.02925,0,0,140
"149",25709,19.25,8.25,"Central-African-Republic",2,17,5822.8407216,0.0033995,900,3046.271,1.91146502973,1.389844748642,0,933.1364,375.16165,0.544,26.88189,95.185135,186.361125,22.95127,1146.453,0,0,140
"150",25710,19.25,8.75,"Central-African-Republic",2,17,6963.3988235,0.0033995,900,3042.405,2.28878138851,4.273742283569,0,691.302225,356.41555,0.724,27.09872,89.553865,176.19445,23.70215,1168.55725,0,0,140
"151",25711,19.25,9.25,"Chad",2,17,36007.9898166,0.0033995,900,3038.312,11.85131471986,1.617016916492,0,411.739425,353.670025,0.862,27.53333,85.859005,164.72225,23.77285,1192.24525,0,0,148
"152",25712,19.25,9.75,"Chad",2,17,36998.8925114,0.0033995,900,3033.993,12.19478369342,0.382400829491,0,233.222925,366.72835,0.832,27.7609,82.784565,155.999975,24.39169,1217.42175,0,0,148
"153",25867,19.75,4.25,"Democratic-Republic-of-the-Congo",2,17,81109.4196186,0.0033995,900,3069.042,26.42825706576,12.822442798096,0,85.25539,526.0261,0.256,25.02099,136.0603,284.805575,18.24301,1116.451,0,0,180
"154",25868,19.75,4.75,"Democratic-Republic-of-the-Congo",2,17,63619.101137,0.0033995,900,3066.99,20.74316906746,1.128154276108,0,347.00755,531.215275,0.256,25.31907,133.8629,276.6111,19.47417,1117.29475,0,0,180
"155",25869,19.75,5.25,"Central-African-Republic",2,17,31148.0590906,0.0033995,900,3064.712,10.16345451271,5.300950010634,0,235.995612,447.48915,0.267,25.64728,127.0869,269.833325,21.34874,1120.299,0,0,140
"156",25870,19.75,5.75,"Central-African-Republic",2,17,23100.6392107,0.0033995,900,3062.206,7.54379048452,5.874540750498,0,340.4642,477.7,0.273,25.51186,121.51125,261.19445,20.73168,1125.452,0,0,140
"157",25871,19.75,6.25,"Central-African-Republic",2,17,18727.8352256,0.0033995,900,3059.473,6.12126252847,3.000060113811,0,258.025075,573.65445,0.276,25.37516,117.8544,245.416675,20.04464,1132.7295,0,0,140
"158",25872,19.75,6.75,"Central-African-Republic",2,17,19082.636511,0.0033995,900,3056.512,6.2432714301,2.442544574791,0,284.75927,561.925,0.274,25.70465,111.73155,229.166675,21.3903,1143.84525,0,0,140
"159",25873,19.75,7.25,"Central-African-Republic",2,17,14718.3378896,0.0033995,900,3053.325,4.82042907166,2.260990397356,0,131.745182,436.339425,0.288,26.13365,105.9482,215.055575,20.36837,1159.8225,0,0,140
"160",25874,19.75,7.75,"Central-African-Republic",2,17,2035.4987942,0.0033995,900,3049.911,0.66739603129,0.763735736442,0,207.7271,427.829975,0.529,26.35401,102.2785,202.138875,21.03946,1177.608,0,0,140
"161",25875,19.75,8.25,"Central-African-Republic",2,17,1225.7823569,0.0033995,900,3046.271,0.40238780714,0.113565695866,0,1060.91075,386.035825,0.549,26.80593,98.650395,194.3611,22.6538,1197.1155,0,0,140
"162",25876,19.75,8.75,"Central-African-Republic",2,17,3363.1316933,0.0033995,900,3042.405,1.10541898029,0.309487149621,0,723.556025,367.9986,0.74,27.0266,94.567905,184.111075,23.4044,1218.2585,0,0,140
"163",25877,19.75,9.25,"Chad",2,17,29651.0417106,0.0033995,900,3038.312,9.75905150144,3.6640274635,0,258.242625,361.09975,0.868,27.44359,89.60762,170.27775,23.43642,1240.9495,0,0,148
"164",25878,19.75,9.75,"Chad",2,17,23411.7364488,0.0033995,900,3033.993,7.7164758862,4.022358137217,0,330.71295,368.491375,0.84,27.66218,83.650305,160.1111,24.00283,1265.1025,0,0,148
"165",26039,20.25,3.75,"Democratic-Republic-of-the-Congo",2,17,104936.4797907,0.0033995,900,3070.865,34.17163446738,15.227948552865,0,156.24228,479.026375,0.256,25.03638,136.45675,290.361125,18.13654,1172.521,0,0,180
"166",26040,20.25,4.25,"Democratic-Republic-of-the-Congo",2,17,57641.4827998,0.0033995,900,3069.042,18.78159074799,3.391352695997,0,633.29015,547.74415,0.256,25.3742,136.03835,282.722225,19.6511,1171.35725,0,0,180
"167",26041,20.25,4.75,"Democratic-Republic-of-the-Congo",2,17,52477.4308997,0.0033995,900,3066.99,17.11039926568,4.437561213371,0,582.26387,462.239175,0.268,25.6625,134.13365,277.0833,20.8817,1172.25575,0,0,180
"168",26042,20.25,5.25,"Central-African-Republic",2,17,39448.9589753,0.0033995,900,3064.712,12.87199625996,2.80830618167,0,193.742693,462.697775,0.256,25.69663,128.05245,270.833325,21.49518,1175.21475,0,0,140
"169",26043,20.25,5.75,"Central-African-Republic",2,17,38973.6940365,0.0033995,900,3062.206,12.72732670026,24.188787850905,0,1235.391625,545.3642,0.256,25.39776,122.6501,259.8889,20.09555,1180.225,0,0,140
"170",26044,20.25,6.25,"Central-African-Republic",2,17,3717.1118402,0.0033995,900,3059.473,1.21495181625,0.860980691235,0,163.01585,523.37445,0.334,25.50769,120.18155,244.3889,20.44076,1187.26475,0,0,140
"171",26045,20.25,6.75,"Central-African-Republic",2,17,4476.263342,0.0033995,900,3056.512,1.46450030741,1.566734603411,0,184.2557,528.511375,0.288,25.43061,116.2675,233.722225,20.04319,1197.34275,0,0,140
"172",26046,20.25,7.25,"Central-African-Republic",2,17,3163.4623643,0.0033995,900,3053.325,1.03607119653,1.70134948641,0,91.99658,474.662225,0.273,25.77532,109.3803,220.916675,21.46323,1212.509,0,0,140
"173",26047,20.25,7.75,"Central-African-Republic",2,17,1163.0419378,0.0033995,900,3049.911,0.38133629739,0.000110749197,0,90.239298,459.305825,0.506,25.86042,103.0754,210.44445,19.09167,1229.485,0,0,140
"174",26048,20.25,8.25,"Central-African-Republic",2,17,2076.1198247,0.0033995,900,3046.271,0.68152824922,0.360318870282,0,428.310175,443.4586,0.594,26.78221,100.7799,201.972225,22.53778,1248.129,0,0,140
"175",26049,20.25,8.75,"Central-African-Republic",2,17,3939.282194,0.0033995,900,3042.405,1.29479238491,0.000424234882,0,1397.11115,469.82555,0.688,26.60801,99.14944,192.694425,21.72478,1268.363,0,0,140
"176",26050,20.25,9.25,"Chad",2,17,6046.6707793,0.007875909,900,3038.312,1.99014159851,0.37532477943,8.302854,356.746725,370.03305,0.769,27.35978,94.293615,176.944425,25.83724,1290.109,4.793655,191.7462,148
"177",26051,20.25,9.75,"Chad",2,17,7117.365113,0.0033995,900,3033.993,2.345873677,0.494494180355,0,204.224372,373.76775,0.844,27.56923,85.963925,162.69445,23.55919,1313.28925,0,0,148
"178",26052,20.25,10.25,"Chad",2,17,25241.3224283,0.0033995,900,3029.449,8.3319838664,0.357002986906,0,58.261133,389.081375,0.797,27.45545,78.4717,152.5,22.87044,1337.82675,0,0,148
"179",26217,20.75,3.75,"Democratic-Republic-of-the-Congo",2,17,57548.9724054,0.0033995,900,3070.865,18.74031273905,5.770997043774,0,56.746198,455.6689,0.256,24.94695,136.3476,287.472225,17.6798,1222.93725,0,0,180
"180",26218,20.75,4.25,"Democratic-Republic-of-the-Congo",2,17,121943.7022701,0.077511199,900,3069.042,39.73348010993,29.986775461667,98.293358,191.511995,468.490275,0.256,25.21282,135.71435,284.05555,18.84029,1226.21075,68.23033,2729.21326,180
"181",26219,20.75,4.75,"Central-African-Republic",2,17,43482.4367647,0.0033995,900,3066.99,14.17755864443,6.910039395855,0,1372.283175,528.7172,0.256,25.44695,133.1103,280.2778,20.36852,1227.17175,0,0,140
"182",26220,20.75,5.25,"Central-African-Republic",2,17,31239.0334706,0.023702184,900,3064.712,10.19313899386,2.990721962195,32.973568,459.734365,522.552775,0.274,25.40128,127.0594,273.805575,20.08155,1230.1035,19.0372975,761.49193,140
"183",26221,20.75,5.75,"Central-African-Republic",2,17,90873.8958547,0.019863807,900,3062.206,29.67595937874,96.224757888392,27.759881,256.47795,520.13195,0.264,25.29343,121.1886,259.80555,19.54811,1234.996,15.58277,747.97298,140
"184",26222,20.75,6.25,"Central-African-Republic",2,17,9021.5724013,0.0033995,900,3059.473,2.94873445985,3.532365342007,0,339.7818,544.1036,0.377,25.20369,117.89005,245.83335,19.11665,1241.832,0,0,140
"185",26223,20.75,6.75,"Central-African-Republic",2,17,3867.3455148,0.0033995,900,3056.512,1.26528049459,0.350061948924,0,163.756268,534.252225,0.276,25.29135,117.2974,238.5,19.36054,1251.233,0,0,140
"186",26224,20.75,7.25,"Central-African-Republic",2,17,2057.3022325,0.0033995,900,3053.325,0.67379072046,0.278410497305,0,80.497022,512.53555,0.274,25.31202,112.78985,228.472225,19.35807,1265.41825,0,0,140
"187",26225,20.75,7.75,"Central-African-Republic",2,17,1932.1447226,0.0033995,900,3049.911,0.63350846652,0.268126776909,0,212.226427,521.901925,0.413,25.74599,105.21935,216.08335,18.58702,1281.6305,0,0,140
"188",26226,20.75,8.25,"Central-African-Republic",2,17,2802.2774692,0.034482887,900,3046.271,0.9199041571,0.299016114955,39.145075,1033.884873,559.001125,0.309,26.25994,101.30015,207.6111,20.40995,1299.458,29.5048175,1180.19272,140
"189",26227,20.75,8.75,"Central-African-Republic",2,17,3939.2821953,0.0033995,900,3042.405,1.29479238534,0.000424235222,0,316.769907,504.9886,0.444,26.7093,99.04237,196.416625,22.00845,1318.8315,0,0,140
"190",26228,20.75,9.25,"Central-African-Republic",2,17,4512.7682534,0.0033995,900,3038.312,1.48528804582,0.311685115066,0,454.739775,385.576125,0.845,27.24519,93.916295,179.6389,23.79484,1339.68025,0,0,140
"191",26229,20.75,9.75,"Chad",2,17,7044.1010238,0.015524748,900,3033.993,2.32172593473,0.505170239788,20.226215,258.7193,384.049725,0.781,27.37356,87.209725,163.30555,22.72096,1361.9335,11.67761,467.10442,148
"192",26230,20.75,10.25,"Chad",2,17,17440.0955945,0.0033995,900,3029.449,5.75685349033,2.522834691838,0,51.759385,403.829725,0.802,27.3641,80.154505,154.05555,22.39474,1385.522,0,0,148
"193",26231,20.75,10.75,"Chad",2,17,23721.1143817,0.0033995,900,3024.68,7.84252061676,1.425170537669,0,33.503033,419.74665,0.723,27.57628,74.65383,144.388875,22.99179,1410.37625,0,0,148
"194",26395,21.25,3.25,"Democratic-Republic-of-the-Congo",2,17,80031.8751392,0.0033995,900,3072.461,26.0481344346,3.806317212001,0,198.246753,437.55945,0.251,24.8883,135.08585,292.02775,17.32817,1239.02275,0,0,180
"195",26396,21.25,3.75,"Democratic-Republic-of-the-Congo",2,17,63260.6800728,0.0033995,900,3070.865,20.60027971128,5.400569567064,0,449.718822,474.2061,0.256,25.06699,133.71345,286.75,18.13615,1268.78,0,0,180
"196",26397,21.25,4.25,"Democratic-Republic-of-the-Congo",2,17,86866.2433853,0.079659004,900,3069.042,28.30402956053,23.25571127826,120.201593,243.516762,518.835275,0.256,25.00785,131.6723,284.8333,17.85626,1281.011,69.398425,2775.93689,180
"197",26398,21.25,4.75,"Central-African-Republic",2,17,68744.8280878,0.0033995,900,3066.99,22.41442532279,9.634620766204,0,1115.267375,478.034725,0.256,25.39535,129.5423,281.4722,19.95909,1282.042,0,0,140
"198",26399,21.25,5.25,"Central-African-Republic",2,17,49710.3187473,0.0033995,900,3064.712,16.22022617622,37.703081695818,0,317.741317,531.696375,0.259,25.19679,128.99725,275.083325,19.0585,1284.96125,0,0,140
"199",26400,21.25,5.75,"Central-African-Republic",2,17,22312.2595754,0.0033995,900,3062.206,7.28633566966,3.174930170774,0,256.72569,554.518625,0.278,25.03029,124.77225,261.083325,18.31515,1289.75925,0,0,140
"200",26401,21.25,6.25,"Central-African-Republic",2,17,29537.0310336,0.0033995,900,3059.473,9.65428834085,14.078447333003,0,99.008798,550.132775,0.264,25.14119,117.3571,248.444425,18.7799,1296.42,0,0,140
"201",26402,21.25,6.75,"Central-African-Republic",2,17,5144.7782267,0.0033995,900,3056.512,1.68321850593,0.052895371619,0,147.753318,596.741925,0.275,25.03638,116.72955,241.611125,18.2782,1305.247,0,0,140
"202",26403,21.25,7.25,"Central-African-Republic",2,17,6053.7472241,0.0033995,900,3053.325,1.98267354171,1.140599293816,0,305.987275,598.20055,0.276,25.07163,118.0726,234.44445,18.24084,1318.531,0,0,140
"203",26404,21.25,7.75,"Central-African-Republic",2,17,6914.5896564,0.0033995,900,3049.911,2.26714440111,2.284688803397,0,139.984425,638.35915,0.186,24.77083,111.04535,222.2222,16.79832,1334.02,0,0,140
"204",26405,21.25,8.25,"Central-African-Republic",2,17,3293.4035231,0.0033995,900,3046.271,1.0811262001,0.208377929175,0,523.831802,669.767775,0.177,25.31522,103.2474,210.66665,16.66757,1351.074,0,0,140
"205",26406,21.25,8.75,"Central-African-Republic",2,17,3939.282187,0.0033995,900,3042.405,1.2947923826,0.000424235579,0,754.557225,510.4575,0.415,26.39519,98.637755,198.083325,20.55937,1369.63,0,0,140
"206",26407,21.25,9.25,"Central-African-Republic",2,17,3937.2954289,0.0033995,900,3038.312,1.29588259468,0.017364902831,0,98.24784,416.153625,0.68,26.6726,92.527815,179.805575,21.47525,1389.62475,0,0,140
"207",26408,21.25,9.75,"Central-African-Republic",2,17,5182.7892919,0.0033995,900,3033.993,1.70824016755,0.262161889327,0,72.241012,394.0864,0.848,27.16378,84.869105,162.583325,19.99731,1410.99425,0,0,140
"208",26409,21.25,10.25,"Chad",2,17,6839.8807247,0.0033995,900,3029.449,2.25779675403,0.093768411901,0,131.52607,417.625,0.752,27.26699,78.795155,153.722225,21.87876,1433.67475,0,0,148
"209",26410,21.25,10.75,"Chad",2,17,7164.6773143,0.0033995,900,3024.68,2.36873903332,0.591944444109,0,78.506332,443.330275,0.728,27.51058,74.38082,143.249975,22.57875,1457.604,0,0,148
"210",26411,21.25,11.25,"Chad",2,17,14506.8631772,0.0033995,900,3019.685,4.80409740797,2.499293172551,0,441.73645,455.846675,0.66,27.34055,66.873275,133.944425,21.77437,1482.71925,0,0,148
"211",26579,21.75,3.25,"Democratic-Republic-of-the-Congo",2,17,67610.1815662,0.0033995,900,3072.461,22.00522098877,4.418731290846,0,429.992732,530.50055,0.249,24.62292,137.2596,291.805575,16.13855,1282.64775,0,0,180
"212",26580,21.75,3.75,"Democratic-Republic-of-the-Congo",2,17,47007.3113146,0.0033995,900,3070.865,15.30751424805,0.430954950562,0,246.73782,530.807525,0.256,24.84519,135.79315,287.6111,17.049,1311.511,0,0,180
"213",26581,21.75,4.25,"Central-African-Republic",2,17,47588.7752281,0.0033995,900,3069.042,15.50607057832,4.390976598229,0,440.278723,493.87445,0.29,25.0391,137.07325,283.94445,17.89172,1334.5465,0,0,140
"214",26582,21.75,4.75,"Central-African-Republic",2,17,40910.0638995,0.0033995,900,3066.99,13.33882995613,10.414653216483,0,711.769975,534.423325,0.231,25.24936,138.24195,280.777775,19.23371,1336.86675,0,0,140
"215",26583,21.75,5.25,"Central-African-Republic",2,17,21162.0934033,0.0033995,900,3064.712,6.90508429667,2.89929288052,0,809.727975,544.44695,0.178,25.11346,130.7211,274.194475,18.61895,1339.786,0,0,140
"216",26584,21.75,5.75,"Central-African-Republic",2,17,13356.2201766,0.0033995,900,3062.206,4.36163370884,2.357147172952,0,281.47635,576.604175,0.253,24.87228,123.5268,260.4167,17.51565,1344.50875,0,0,140
"217",26585,21.75,6.25,"Central-African-Republic",2,17,7215.6571859,0.0033995,900,3059.473,2.35846436164,0.975172106079,0,319.279075,590.691375,0.256,24.78029,122.8826,249.166675,17.01554,1351.021,0,0,140
"218",26586,21.75,6.75,"Central-African-Republic",2,17,16214.9267576,0.0033995,900,3056.512,5.3050420422,2.211597076729,0,141.256127,604.14945,0.275,24.8391,123.2837,242.194425,17.19282,1359.36075,0,0,140
"219",26587,21.75,7.25,"Central-African-Republic",2,17,18915.9911074,0.0033995,900,3053.325,6.19520995765,1.87784245766,0,77.24682,608.393625,0.241,24.58269,123.7563,236.277775,16.1095,1371.8295,0,0,140
"220",26588,21.75,7.75,"Central-African-Republic",2,17,2560.5786515,0.0033995,900,3049.911,0.83955836019,1.509984936233,0,336.4635,634.7186,0.179,24.54728,117.89065,224.416675,15.82929,1386.632,0,0,140
"221",26589,21.75,8.25,"Central-African-Republic",2,17,2311.5630462,0.0033995,900,3046.271,0.75881724026,0.394622733148,0,550.579775,692.36,0.203,25.07372,108.02595,211.666675,15.57483,1402.95075,0,0,140
"222",26590,21.75,8.75,"Central-African-Republic",2,17,3899.4695241,0.0033995,900,3042.405,1.28170646233,0.092476987087,0,429.025765,544.058325,0.552,25.93574,98.096945,199,18.70464,1420.72875,0,0,140
"223",26591,21.75,9.25,"Central-African-Republic",2,17,3255.3878115,0.0033995,900,3038.312,1.07144624528,0.285902036861,0,109.997085,456.36555,0.622,26.48894,87.284575,178.3889,20.66137,1439.90975,0,0,140
"224",26592,21.75,9.75,"Central-African-Republic",2,17,4987.5609439,0.038011242,900,3033.993,1.64389317465,0.183103604847,55.279179,296.968538,436.531675,0.78,26.96507,77.89756,160.9722,19.10867,1460.435,31.91545,1276.61797,140
"225",26593,21.75,10.25,"Central-African-Republic",2,17,5482.2450882,0.0033995,900,3029.449,1.80965073268,0.251387156959,0,63.26084,421.39335,0.735,27.08446,72.48528,152.416675,19.41985,1482.2465,0,0,140
"226",26594,21.75,10.75,"Chad",2,17,6107.6457202,0.0033995,900,3024.68,2.01927011987,0.308038041673,0,113.508933,435.33115,0.728,27.28718,69.39992,142.5278,21.58929,1505.287,0,0,148
"227",26595,21.75,11.25,"Chad",2,17,6888.4452562,0.0033995,900,3019.685,2.28117971447,0.000958705397,0,507.235925,463.696675,0.647,27.27708,62.108445,133.25,18.6179,1529.49975,0,0,148
"228",26596,21.75,11.75,"Chad",2,17,41656.4942445,0.013033309,900,3014.466,13.8188620101,6.66384512602,11.888955,718.139875,504.897775,0.357,27.47308,53.86967,120.1389,19.11057,1554.82925,10.2002075,489.60996,148
"229",26767,22.25,3.25,"Democratic-Republic-of-the-Congo",2,17,50921.2495861,0.0033995,900,3072.461,16.57344092574,2.988324972589,0,231.496105,544.981125,0.249,24.52997,138.54405,293.75,15.72048,1327.05625,0,0,180
"230",26768,22.25,3.75,"Democratic-Republic-of-the-Congo",2,17,47304.4001179,0.0033995,900,3070.865,15.40425858339,0.002169656214,0,481.7189,536.785,0.256,24.88013,137.5286,289.7222,17.1539,1355.07875,0,0,180
"231",26769,22.25,4.25,"Central-African-Republic",2,17,62199.251252,0.0033995,900,3069.042,20.26666950786,22.646108226257,0,478.784165,462.010275,0.308,25.15337,136.51705,284.25,18.70039,1383.25,0,0,140
"232",26770,22.25,4.75,"Central-African-Republic",2,17,9735.0395042,0.0033995,900,3066.99,3.17413428836,2.650720789044,0,1021.5267,537.607775,0.306,24.90192,132.96685,279.8611,17.58541,1391.64475,0,0,140
"233",26771,22.25,5.25,"Central-African-Republic",2,17,5144.0016811,0.0033995,900,3064.712,1.67846179266,0.279906449932,0,311.49516,609.4842,0.189,24.63157,130.2993,272.444425,16.40449,1394.576,0,0,140
"234",26772,22.25,5.75,"Central-African-Republic",2,17,5471.4956126,0.0033995,900,3062.206,1.78678244189,0.54069115267,0,668.94175,592.566375,0.122,24.7617,129.03625,258.833325,16.93019,1399.2405,0,0,140
"235",26773,22.25,6.25,"Central-African-Republic",2,17,7217.9810413,0.0033995,900,3059.473,2.35922392241,0.319200260427,0,698.07192,592.788075,0.239,24.65337,124.85545,249.80555,16.43257,1405.627,0,0,140
"236",26774,22.25,6.75,"Central-African-Republic",2,17,14480.8884745,0.0033995,900,3056.512,4.73771626071,2.425416306616,0,407.009003,602.441925,0.236,24.90961,122.7939,242.30555,17.45392,1413.7165,0,0,140
"237",26775,22.25,7.25,"Central-African-Republic",2,17,14574.5295289,0.0033995,900,3053.325,4.77333013917,2.764456602328,0,200.739663,635.52335,0.18,24.34135,123.7168,236.44445,14.86596,1425.29875,0,0,140
"238",26776,22.25,7.75,"Central-African-Republic",2,17,2864.6068753,0.0033995,900,3049.911,0.93924263931,1.63288737942,0,180.22955,669.5503,0.18,24.32532,122.36,224.611125,14.77471,1439.4475,0,0,140
"239",26777,22.25,8.25,"Central-African-Republic",2,17,997.1419946,0.0033995,900,3046.271,0.32733199197,0.002964301462,0,870.370525,731.218025,0.178,24.70849,114.43205,211.8611,14.01168,1455.0655,0,0,140
"240",26778,22.25,8.75,"Central-African-Republic",2,17,2229.0860335,0.0033995,900,3042.405,0.73267247162,0.311323661584,0,859.573162,637.0161,0.55,25.05224,95.264785,199.833325,15.2211,1472.10225,0,0,140
"241",26779,22.25,9.25,"Central-African-Republic",2,17,2188.2262524,0.0033995,900,3038.312,0.72021121223,0.336058226927,0,464.737625,535.104425,0.565,25.96971,77.0232,178.222225,18.57381,1490.506,0,0,140
"242",26780,22.25,9.75,"Central-African-Republic",2,17,5110.4606616,0.010533724,900,3033.993,1.68440075125,0.103102808602,11.4971,342.464355,515.421125,0.588,26.39327,69.381795,159.444425,19.90863,1510.22325,7.1856875,287.4275,140
"243",26781,22.25,10.25,"Central-African-Republic",2,17,4711.9270157,0.0033995,900,3029.449,1.55537412851,0.081751617863,0,116.773085,458.0111,0.698,26.88606,66.59816,150.305575,18.46907,1531.20225,0,0,140
"244",26782,22.25,10.75,"Central-African-Republic",2,17,4875.4847561,0.0033995,900,3024.68,1.61190107266,0.234816100525,0,213.76639,476.961675,0.647,27.21603,65.91239,140.999975,19.56577,1553.38925,0,0,140
"245",26783,22.25,11.25,"Chad",2,17,22940.1377556,0.0033995,900,3019.685,7.59686329044,6.590944775358,0,1107.70185,500.52725,0.483,26.84551,61.75687,131.361075,19.62449,1576.73275,0,0,148
"246",26784,22.25,11.75,"Chad",2,17,52555.9617223,0.0033995,900,3014.466,17.43458243475,4.508253455763,0,1877.6943,591.54445,0.282,26.50176,54.320495,118.611125,15.61854,1601.18125,0,0,148
"247",26958,22.75,3.25,"Democratic-Republic-of-the-Congo",2,17,43489.1340566,0.0033995,900,3072.461,14.15449542297,9.405764165106,0,334.24485,543.019175,0.249,24.61362,136.6048,297.027775,15.9988,1372.166,0,0,180
"248",26959,22.75,3.75,"Democratic-Republic-of-the-Congo",2,17,41786.6456289,0.0033995,900,3070.865,13.60745074445,3.154549572756,0,295.979663,560.91665,0.256,24.89199,137.0223,291.638875,17.1539,1399.3995,0,0,180
"249",26960,22.75,4.25,"Democratic-Republic-of-the-Congo",2,17,31648.0824784,0.0033995,900,3069.042,10.31204098501,13.21916770043,0,632.543375,523.305825,0.273,25.11026,137.59145,287.55555,18.03265,1427.81075,0,0,180
"250",26961,22.75,4.75,"Central-African-Republic",2,17,73495.8155688,0.0033995,900,3066.99,23.96349682482,80.265181091295,0,782.018975,501.77,0.542,25.14087,137.7452,280.861125,18.5558,1446.3765,0,0,140
"251",26962,22.75,5.25,"Central-African-Republic",2,17,4777.1026467,0.0033995,900,3064.712,1.55874448906,0.073241755622,0,516.7396,553.422225,0.596,24.70625,136.487,270.083325,16.68905,1449.32925,0,0,140
"252",26963,22.75,5.75,"Central-African-Republic",2,17,4738.0160444,0.0033995,900,3062.206,1.54725590167,0.000333828342,0,323.722,612.6736,0.095,24.33942,134.05975,258.44445,15.05775,1453.95175,0,0,140
"253",26964,22.75,6.25,"Central-African-Republic",2,17,2934.0391273,0.0033995,900,3059.473,0.95900159046,0.652464195245,0,111.011695,618.039175,0.229,24.08894,130.04815,249.19445,13.94553,1460.2325,0,0,140
"254",26965,22.75,6.75,"Central-African-Republic",2,17,955.2919808,0.0033995,900,3056.512,0.31254313983,0.481725936835,0,98.00335,622.2672,0.221,24.63702,126.39165,242.69445,16.09686,1468.1545,0,0,140
"255",26966,22.75,7.25,"Central-African-Republic",2,17,722.6130487,0.0033995,900,3053.325,0.23666428733,0.074368609242,0,342.73852,629.168325,0.213,24.26651,125.6864,235.777775,14.44344,1478.92625,0,0,140
"256",26967,22.75,7.75,"Central-African-Republic",2,17,992.1661442,0.0033995,900,3049.911,0.32530982032,0.015105948144,0,246.72205,676.861375,0.218,24.56715,125.50525,222.861125,13.55113,1492.451,0,0,140
"257",26968,22.75,8.25,"Central-African-Republic",2,17,1507.3245638,0.0033995,900,3046.271,0.49480972087,0.417872906171,0,564.330725,844.345825,0.191,24.45529,118.06665,211.58335,12.93964,1507.39975,0,0,140
"258",26969,22.75,8.75,"Central-African-Republic",2,17,2203.3232527,0.04789109,900,3042.405,0.72420457041,0.460674702508,44.14831,144.00763,783.79,0.494,24.58253,90.808935,201.44445,13.35803,1523.728,41.57221,1995.46609,140
"259",26970,22.75,9.25,"Central-African-Republic",2,17,3623.7813878,0.0033995,900,3038.312,1.19269567452,0.481183495552,0,216.99329,592.01415,0.546,25.81554,68.70312,182.08335,17.77662,1541.3875,0,0,140
"260",26971,22.75,9.75,"Central-African-Republic",2,17,4849.7130941,0.0033995,900,3033.993,1.5984587144,0.088970057517,0,533.4366,596.9361,0.532,25.90048,65.31716,160.333325,17.96758,1560.3315,0,0,140
"261",26972,22.75,10.25,"Central-African-Republic",2,17,4533.1409628,0.0033995,900,3029.449,1.49635810381,0.000573551283,0,293.308025,494.971675,0.546,26.67869,63.5979,147.19445,17.59496,1580.51075,0,0,140
"262",26973,22.75,10.75,"Central-African-Republic",2,17,11800.7378491,0.0033995,900,3024.68,3.90148322653,5.145116690012,0,142.012657,506.4136,0.299,26.82628,63.638885,137.138875,18.17289,1601.87725,0,0,140
"263",26974,22.75,11.25,"Chad",2,17,58786.0581236,0.038970384,900,3019.685,19.46760964151,0.688373152249,56.774331,926.462275,555.7361,0.536,26.4984,61.45762,126.19445,18.31015,1624.38325,32.778675,1311.147,148
"264",26975,22.75,11.75,"Sudan",2,15,54792.5814247,0.008064703,900,3014.466,18.17654451289,6.609387571629,8.842338,900.867475,647.2961,0.352,26.32179,55.437315,115.666675,18.0928,1638.50075,4.96357,238.25137,736
"265",27145,23.25,3.75,"Democratic-Republic-of-the-Congo",2,17,25723.3354532,0.0033995,900,3070.865,8.37657617389,3.596594185837,0,531.47235,534.586375,0.256,24.84007,136.8703,292.75,16.87319,1444.3985,0,0,180
"266",27146,23.25,4.25,"Democratic-Republic-of-the-Congo",2,17,16994.4860201,0.0033995,900,3069.042,5.53739192502,0.000883726513,0,492.781682,544.9136,0.256,24.86026,139.209,289.41665,16.94709,1472.0625,0,0,180
"267",27147,23.25,4.75,"Central-African-Republic",2,17,17988.5467309,0.0033995,900,3066.99,5.86521122505,0.883339395877,0,230.00574,535.953875,0.527,24.82885,139.27005,282.1111,17.193,1497.558,0,0,140
"268",27148,23.25,5.25,"Central-African-Republic",2,17,7204.522079,0.0033995,900,3064.712,2.35079920141,1.055662760696,0,523.7372,554.200575,0.561,24.78702,137.2041,269.805525,16.92901,1504.04575,0,0,140
"269",27149,23.25,5.75,"Central-African-Republic",2,17,4170.0121689,0.0033995,900,3062.206,1.36176743135,0.384670048844,0,172.98445,556.001375,0.204,24.70401,133.5999,257.499975,16.45269,1508.6395,0,0,140
"270",27150,23.25,6.25,"Central-African-Republic",2,17,1332.0576854,0.0033995,900,3059.473,0.43538800387,0.398993951084,0,70.756929,603.08085,0.253,24.52051,129.48515,248.94445,15.63452,1514.83225,0,0,140
"271",27151,23.25,6.75,"Central-African-Republic",2,17,458.5622595,0.0033995,900,3056.512,0.15002794042,3.797626e-05,0,271.508658,671.290825,0.326,24.36282,127.3554,242.83335,14.80377,1522.6095,0,0,140
"272",27152,23.25,7.25,"Central-African-Republic",2,17,458.0711717,0.0033995,900,3053.325,0.15002370578,4.0774489e-05,0,72.747152,685.208075,0.368,24.18526,127.0663,235.194425,14.02789,1532.70025,0,0,140
"273",27153,23.25,7.75,"Central-African-Republic",2,17,2092.7783829,0.0033995,900,3049.911,0.68617676958,0.664008704527,0,163.48158,692.7661,0.353,24.46811,125.34425,221.027775,13.09834,1545.62775,0,0,140
"274",27154,23.25,8.25,"Central-African-Republic",2,17,5125.6255058,0.011746924,900,3046.271,1.68259005841,0.55923298972,14.337171,207.527887,816.98865,0.314,24.24119,112.8322,211.25,12.09508,1559.93675,8.27757,331.10279,140
"275",27155,23.25,8.75,"Central-African-Republic",2,17,3575.5052709,0.033536841,900,3042.405,1.17522349731,1.163381165529,35.964603,848.307375,881.252475,0.448,23.95705,89.112085,202.499975,10.91282,1575.586,28.653385,1146.13539,140
"276",27156,23.25,9.25,"Central-African-Republic",2,17,6004.4304814,0.0033995,900,3038.312,1.97623904337,2.157812319511,0,1665.239525,770.444175,0.599,24.48894,73.24722,183.5,12.77679,1592.53325,0,0,140
"277",27157,23.25,9.75,"Central-African-Republic",2,17,4887.7590072,0.0033995,900,3033.993,1.61099859463,0.088785556679,0,331.460908,575.954725,0.458,25.6984,68.03014,159.722225,17.20315,1610.73375,0,0,140
"278",27158,23.25,10.25,"Central-African-Republic",2,17,19493.786729,0.01107725,900,3029.449,6.43476255977,10.111644531035,13.672357,164.029075,521.9278,0.432,26.74183,64.64508,143.833325,17.90405,1630.145,7.67486,368.39328,140
"279",27159,23.25,10.75,"Sudan",2,15,87013.0021851,0.0033995,900,3024.68,28.76767307739,10.457030625309,0,267.026115,580.529425,0.111,26.6359,62.61434,131.499975,22.0945,1641.8785,0,0,736
"280",27160,23.25,11.25,"Sudan",2,15,59978.7477217,0.0033995,900,3019.685,19.86258110685,4.680213479131,0,1050.961775,589.714175,0.219,25.95064,59.8384,119.583325,19.23528,1630.65375,0,0,736
"281",27161,23.25,11.75,"Sudan",2,15,36880.5989199,0.02703458,900,3014.466,12.23453669271,2.768348375424,29.209206,2621.0935,728.9247,0.298,25.73381,56.19463,111.916675,18.24726,1605.6285,22.80135,1094.46483,736
"282",27330,23.75,3.75,"Democratic-Republic-of-the-Congo",2,17,17504.728359,0.0033995,900,3070.865,5.70025962494,0.874691558774,0,837.707175,549.712225,0.256,24.80561,136.51815,294.05555,16.69869,1490.00925,0,0,180
"283",27331,23.75,4.25,"Democratic-Republic-of-the-Congo",2,17,16994.4860086,0.0033995,900,3069.042,5.53739192129,0.000883731448,0,375.026465,537.555875,0.256,25.11971,139.3247,289.805575,17.96128,1516.9705,0,0,180
"284",27332,23.75,4.75,"Democratic-Republic-of-the-Congo",2,17,12961.7137765,0.0033995,900,3066.99,4.22619960774,1.960955084177,0,132.004212,532.988575,0.448,24.90785,140.4283,282.916675,17.01868,1545.0365,0,0,180
"285",27333,23.75,5.25,"Central-African-Republic",2,17,4139.7179922,0.0033995,900,3064.712,1.35076909244,0.999636899871,0,103.49827,567.87945,0.515,24.51811,138.26235,271.44445,15.68999,1558.724,0,0,140
"286",27334,23.75,5.75,"Central-African-Republic",2,17,2668.5169955,0.0033995,900,3062.206,0.87143619426,0.463983535688,0,101.99056,591.956375,0.314,24.3758,134.02435,258.75,14.94554,1563.30075,0,0,140
"287",27335,23.75,6.25,"Central-African-Republic",2,17,1835.9512939,0.0033995,900,3059.473,0.60008750207,0.12520197946,0,63.506699,608.997775,0.198,24.22035,129.8666,250.05555,14.17613,1569.422,0,0,140
"288",27336,23.75,6.75,"Central-African-Republic",2,17,529.5818011,0.0033995,900,3056.512,0.17326342336,0.088013279245,0,152.004372,648.48335,0.352,24.2984,127.52625,242.3889,14.42343,1577.07425,0,0,140
"289",27337,23.75,7.25,"Central-African-Republic",2,17,458.0711716,0.0033995,900,3053.325,0.15002370572,4.0774466e-05,0,342.98955,723.07915,0.392,24.30385,126.69215,233.416675,12.53907,1586.64575,0,0,140
"290",27338,23.75,7.75,"Central-African-Republic",2,17,495.6177649,0.0033995,900,3049.911,0.162502346,0.122564594828,0,244.97163,792.849725,0.391,24.20288,120.97125,219.3889,12.01883,1598.9665,0,0,140
"291",27339,23.75,8.25,"Central-African-Republic",2,17,644.8932639,0.0033995,900,3046.271,0.21169923423,0.273290598965,0,351.0522,821.319425,0.414,24.01699,105.820815,210.75,11.20616,1612.66125,0,0,140
"292",27340,23.75,8.75,"Sudan",2,15,29959.64091,0.0033995,900,3042.405,9.8473561919,8.186384110185,0,446.5254,877.05255,0.565,24.1984,89.366475,199.777775,13.07298,1627.6595,0,0,736
"293",27341,23.75,9.25,"Sudan",2,15,50417.5392914,0.0033995,900,3038.312,16.59393175199,5.703895447824,0,712.723525,845.177225,0.616,24.41474,79.757125,174.555575,13.7965,1643.92175,0,0,736
"294",27342,23.75,9.75,"Sudan",2,15,41805.2348342,0.0033995,900,3033.993,13.77894746171,7.099011085081,0,311.967445,634.597775,0.644,25.26234,73.251645,154.83335,16.83525,1652.41275,0,0,736
"295",27343,23.75,10.25,"Sudan",2,15,68052.7603641,0.0033995,900,3029.449,22.46373988633,6.520418642669,0,126.77292,564.915575,0.256,26.7008,67.30334,142.027775,22.40744,1638.64325,0,0,736
"296",27344,23.75,10.75,"Sudan",2,15,109683.9809914,0.0033995,900,3024.68,36.26300469754,3.281019392669,0,406.02545,536.3989,0.122,27.23846,61.60338,126.91665,24.26473,1611.02625,0,0,736
"297",27345,23.75,11.25,"Sudan",2,15,120971.4586043,0.042756657,900,3019.685,40.06094657549,21.035731939602,62.676554,1263.945825,585.573625,0.321,26.51394,56.477405,110.3889,21.29888,1584.467,36.186325,1447.453,736
"298",27517,24.25,4.25,"Democratic-Republic-of-the-Congo",2,17,16994.4860129,0.0033995,900,3069.042,5.53739192269,0.000883725419,0,236.26535,579.15445,0.256,24.76891,137.5503,290.2222,16.38619,1562.4735,0,0,180
"299",27518,24.25,4.75,"Democratic-Republic-of-the-Congo",2,17,15462.1831531,0.0033995,900,3066.99,5.04148398146,1.239687171731,0,257.004095,593.591675,0.269,24.75849,137.48265,282.5,16.28399,1589.871,0,0,180
"300",27519,24.25,5.25,"Central-African-Republic",2,17,2677.1990943,0.0033995,900,3064.712,0.87355655571,0.845538231193,0,503.48505,571.749725,0.6,24.64936,135.7379,273.05555,16.1232,1612.407,0,0,140
"301",27520,24.25,5.75,"Central-African-Republic",2,17,1985.7243088,0.0033995,900,3062.206,0.6484620624,0.007982815019,0,492.706425,583.728625,0.503,24.39087,133.38945,260.277775,14.988,1617.93425,0,0,140
"302",27521,24.25,6.25,"Central-African-Republic",2,17,1985.798432,0.0033995,900,3059.473,0.6490655959,0.008872110737,0,48.005223,604.842775,0.273,24.13526,130.2367,250.361075,13.73821,1623.99875,0,0,140
"303",27522,24.25,6.75,"Central-African-Republic",2,17,853.6549016,0.0033995,900,3056.512,0.27929050869,0.210130447182,0,127.755583,634.56525,0.388,24.25657,127.56885,242.2778,14.15215,1631.54375,0,0,140
"304",27523,24.25,7.25,"Central-African-Republic",2,17,458.0711717,0.0033995,900,3053.325,0.15002370578,4.0774499e-05,0,232.74235,759.633325,0.392,24.50577,124.1422,234.111125,15.05459,1640.7785,0,0,140
"305",27524,24.25,7.75,"Central-African-Republic",2,17,448.9285509,0.0033995,900,3049.911,0.14719396252,0.012535625433,0,258.96969,803.026125,0.391,24.62083,113.7846,219.94445,13.47323,1652.4555,0,0,140
"306",27525,24.25,8.25,"Central-African-Republic",2,17,1304.5364997,0.0033995,900,3046.271,0.42824044455,0.375492811207,0,387.057675,853.689475,0.558,24.11154,99.10602,210.3611,11.4602,1665.56025,0,0,140
"307",27526,24.25,8.75,"Sudan",2,15,32776.948664,0.0033995,900,3042.405,10.77336972586,7.966081376325,0,412.025775,876.83585,0.621,24.42532,89.49358,195.777775,13.85377,1670.03975,0,0,736
"308",27527,24.25,9.25,"Sudan",2,15,59922.9334316,0.0033995,900,3038.312,19.72244345359,0.006828193552,0,400.24115,686.922775,0.649,25.55737,86.286785,166.333325,18.05223,1652.99625,0,0,736
"309",27528,24.25,9.75,"Sudan",2,15,59835.4886837,0.0033995,900,3033.993,19.72169414162,0.0071939541,0,256.470175,634.9697,0.638,25.83237,77.1366,149.916675,18.9864,1622.90475,0,0,736
"310",27529,24.25,10.25,"Sudan",2,15,59743.4875717,0.0033995,900,3029.449,19.72090709523,0.007559024779,0,1413.0211,535.887775,0.22,27.03622,66.368695,140.30555,23.6695,1593.7815,0,0,736
"311",27530,24.25,10.75,"Sudan",2,15,104748.8438148,0.033432517,900,3024.68,34.63138172947,32.933775410608,29.782484,875.332075,529.5836,0.115,27.58846,59.69756,120.666675,25.57176,1565.67575,28.55948,1142.37923,736
"312",27703,24.75,4.25,"Democratic-Republic-of-the-Congo",2,17,16994.4860277,0.0033995,900,3069.042,5.53739192751,0.000883728378,0,243.76714,606.3536,0.256,24.48718,136.0481,291.05555,15.13495,1608.516,0,0,180
"313",27704,24.75,4.75,"Democratic-Republic-of-the-Congo",2,17,13427.6843309,0.0033995,900,3066.99,4.37813048728,1.213381250265,0,35.500642,605.775825,0.299,24.53445,132.7071,282.027775,15.27906,1635.28325,0,0,180
"314",27705,24.75,5.25,"Central-African-Republic",2,17,7267.8462948,0.0033995,900,3064.712,2.37146157351,1.19736428395,0,483.4895,597.32805,0.602,24.82452,129.77555,273.44445,16.8129,1662.1745,0,0,140
"315",27706,24.75,5.75,"Central-African-Republic",2,17,1988.4515338,0.0033995,900,3062.206,0.64935267041,0.000651172902,0,312.970588,595.258325,0.262,24.43638,129.3138,260.083325,15.07189,1672.538,0,0,140
"316",27707,24.75,6.25,"Central-African-Republic",2,17,1709.6285424,0.0033995,900,3059.473,0.55879844137,0.175913322694,0,388.03255,608.111675,0.292,24.27308,128.82315,249.55555,14.16264,1678.55875,0,0,140
"317",27708,24.75,6.75,"Central-African-Republic",2,17,195.4616149,0.0033995,900,3056.512,0.06394923025,0.000869649078,0,188.006043,628.8278,0.394,24.42244,124.3146,241.0278,14.70888,1686.013,0,0,140
"318",27709,24.75,7.25,"Central-African-Republic",2,17,218.7572337,0.0033995,900,3053.325,0.07164557145,0.020378273704,0,216.992725,709.08615,0.393,24.60561,114.6866,230.833325,15.40311,1694.981,0,0,140
"319",27710,24.75,7.75,"Central-African-Republic",2,17,209.6921046,0.0033995,900,3049.911,0.06875350591,0.049453427386,0,376.958425,811.4025,0.391,24.68141,104.06135,218.527775,13.57435,1694.6165,0,0,140
"320",27711,24.75,8.25,"South-Sudan",2,15,2338.8711458,0.0033995,900,3046.271,0.76778167531,0.414887462333,0,264.28659,836.4814,0.641,24.3851,96.099175,207.583325,13.73786,1673.654,0,0,736
"321",27712,24.75,8.75,"South-Sudan",2,15,5387.8582683,0.0033995,900,3042.405,1.77092107475,2.857514077431,0,564.788675,817.8375,0.657,25.1101,90.533635,190.638925,16.33447,1641.22475,0,0,736
"322",27713,24.75,9.25,"South-Sudan",2,15,16076.4308859,0.0033995,900,3038.312,5.29123794388,6.491825115923,0,448.497558,661.406675,0.65,26.09231,83.362835,164.66665,20.0684,1609.67325,0,0,736
"323",27894,25.25,4.25,"Democratic-Republic-of-the-Congo",2,17,14073.311389,0.0033995,900,3069.042,4.58557209388,1.199532824893,0,281.7664,635.95695,0.256,24.2093,138.10915,290.3889,14.04181,1635.75425,0,0,180
"324",27895,25.25,4.75,"Democratic-Republic-of-the-Congo",2,17,7570.747175,0.0033995,900,3066.99,2.46846129246,0.158924926622,0,367.761237,617.64055,0.256,24.37612,131.1064,280.41665,14.59524,1662.1705,0,0,180
"325",27896,25.25,5.25,"Central-African-Republic",2,17,9730.5679941,0.0033995,900,3064.712,3.17503523745,0.329472635856,0,127.747822,599.465275,0.488,24.66074,127.16145,271.05555,16.09096,1689.58225,0,0,140
"326",27897,25.25,5.75,"Central-African-Republic",2,17,6684.1268622,0.0033995,900,3062.206,2.18278170402,1.267973073772,0,91.740805,599.6239,0.373,24.68237,126.6792,258.66665,15.97492,1711.99975,0,0,140
"327",27898,25.25,6.25,"Central-African-Republic",2,17,271.0429214,0.0033995,900,3059.473,0.08859138594,0.097458048516,0,113.260852,602.7775,0.337,24.53862,125.5956,247.66665,15.22065,1728.767,0,0,140
"328",27899,25.25,6.75,"Central-African-Republic",2,17,195.402183,0.0033995,900,3056.512,0.06392978589,1.6182373e-05,0,90.502675,609.98,0.394,24.70224,118.4941,237.722225,15.83449,1725.17575,0,0,140
"329",27900,25.25,7.25,"Central-African-Republic",2,17,645.5685861,0.0033995,900,3053.325,0.21143131808,0.305914465734,0,374.99112,736.78555,0.393,24.77147,107.6674,224.94445,13.96574,1700.3715,0,0,140
"330",27901,25.25,7.75,"South-Sudan",2,15,2102.5347783,0.0033995,900,3049.911,0.68937568064,0.432937980265,0,409.703225,824.651925,0.392,24.70304,100.554075,214.9722,13.61303,1665.887,0,0,736
"331",27902,25.25,8.25,"South-Sudan",2,15,3395.2308242,0.0033995,900,3046.271,1.1145530676,0.000344445959,0,499.821825,776.263625,0.647,25.20304,96.318545,202.05555,16.8787,1632.0585,0,0,736
"332",27903,25.25,8.75,"South-Sudan",2,15,3390.8056,0.0033995,900,3042.405,1.11451504445,0.000365167221,0,268.517125,715.1147,0.666,25.61795,93.615805,185.666675,18.25887,1599.05975,0,0,736
"333",28083,25.75,4.25,"Democratic-Republic-of-the-Congo",2,17,7537.9803452,0.0033995,900,3069.042,2.45613497492,0.00301283074,0,42.252567,625.496125,0.256,24.09087,141.1446,288.166675,13.44133,1594.478,0,0,180
"334",28084,25.75,4.75,"Democratic-Republic-of-the-Congo",2,17,7533.0561399,0.0033995,900,3066.99,2.45617203502,0.000437991906,0,19.25051,611.59945,0.256,24.32965,132.57665,277.694475,14.30082,1621.50525,0,0,180
"335",28085,25.75,5.25,"Democratic-Republic-of-the-Congo",2,17,18559.5345509,0.0033995,900,3064.712,6.05588247526,4.623697401911,0,41.248265,607.398625,0.274,24.67404,126.26215,270.500025,16.00865,1649.4955,0,0,180
"336",28086,25.75,5.75,"Central-African-Republic",2,17,7037.5020602,0.0033995,900,3062.206,2.29818060842,2.806427915972,0,46.99525,608.643325,0.257,24.73862,124.0789,258.222225,16.23526,1678.40625,0,0,140
"337",28087,25.75,6.25,"Central-African-Republic",2,17,195.596565,0.0033995,900,3059.473,0.06393146404,1.4988561e-05,0,44.753752,607.11245,0.366,24.6,121.83015,245.972225,15.44453,1704.7835,0,0,140
"338",28088,25.75,6.75,"Central-African-Republic",2,17,195.402183,0.0033995,900,3056.512,0.06392978591,1.6182411e-05,0,58.251553,613.293325,0.394,24.78622,115.41305,234.19445,16.02396,1688.688,0,0,140
"339",28089,25.75,7.25,"South-Sudan",2,15,2403.1224662,0.0033995,900,3053.325,0.78705092149,0.408842101211,0,590.727612,673.212225,0.393,25.39519,108.00825,221.138875,17.81629,1660.01825,0,0,736
"340",28090,25.75,7.75,"South-Sudan",2,15,3399.397473,0.0033995,900,3049.911,1.11458890996,0.000323704502,0,510.443972,695.50085,0.392,25.52564,104.16215,210.55555,18.14666,1625.59125,0,0,736
"341",28091,25.75,8.25,"South-Sudan",2,15,3395.2308161,0.086724537,900,3046.271,1.11455306492,0.000344445888,131.215706,407.8123,686.712225,0.624,26.10737,101.5756,198.7778,20.27987,1591.16875,75.757425,3030.29694,736
"342",28272,26.25,4.25,"Democratic-Republic-of-the-Congo",2,17,7538.2317078,0.0033995,900,3069.042,2.45621687755,0.00039199666,0,32.002274,621.62725,0.256,24.21362,144.16665,284.94445,13.8565,1550.139,0,0,180
"343",28273,26.25,4.75,"Democratic-Republic-of-the-Congo",2,17,7533.0561652,0.0033995,900,3066.99,2.45617204326,0.000437991934,0,32.750661,625.748075,0.256,24.45785,131.99435,274.8889,14.78369,1577.88025,0,0,180
"344",28274,26.25,5.25,"Central-African-Republic",2,17,15665.9801641,0.0033995,900,3064.712,5.11173027928,4.357803717156,0,12.24961,615.766375,0.592,24.67756,122.9247,268.8333,15.94635,1606.59075,0,0,140
"345",28275,26.25,5.75,"Central-African-Republic",2,17,7376.5347997,0.0033995,900,3062.206,2.40889581121,3.403338930214,0,75.49273,627.844725,0.257,24.91907,120.5352,256.749975,16.88498,1636.2245,0,0,140
"346",28276,26.25,6.25,"Central-African-Republic",2,17,3043.1170979,0.0033995,900,3059.473,0.99465413043,1.799737446676,0,83.758638,627.0164,0.364,25.0375,119.1375,242.44445,17.1778,1660.957,0,0,140
"347",28277,26.25,6.75,"Central-African-Republic",2,17,4353.4497846,0.0033995,900,3056.512,1.42431936211,1.997429907508,0,77.002445,637.04445,0.394,25.48686,114.33755,229.027775,18.22697,1642.0645,0,0,140
"348",28278,26.25,7.25,"South-Sudan",2,15,3399.1416198,0.0033995,900,3053.325,1.1132589295,0.029991033809,0,59.99775,618.265825,0.393,26.19327,109.03125,216.888875,20.99995,1615.04225,0,0,736
"349",28279,26.25,7.75,"South-Sudan",2,15,3399.3974856,0.0033995,900,3049.911,1.11458891409,0.000323704307,0,122.986631,597.881675,0.422,26.67756,107.8526,207.388875,22.69683,1585.65275,0,0,736
"350",28465,26.75,4.25,"Democratic-Republic-of-the-Congo",2,17,7758.0147163,0.0033995,900,3069.042,2.52782979099,0.691241006029,0,79.005453,635.5597,0.256,24.225,146.83355,278.805575,13.88677,1506.51625,0,0,180
"351",28466,26.75,4.75,"Democratic-Republic-of-the-Congo",2,17,7767.3685827,0.0033995,900,3066.99,2.53257020048,0.350788469311,0,27.000663,650.3611,0.256,24.50272,130.47015,268.16665,14.81964,1535.0105,0,0,180
"352",28467,26.75,5.25,"Central-African-Republic",2,17,4259.118526,0.0033995,900,3064.712,1.38972888415,1.051287931262,0,42.998578,631.1378,0.655,24.85737,121.6602,261.861125,16.59153,1564.47725,0,0,140
"353",28468,26.75,5.75,"Central-African-Republic",2,17,5336.4030347,0.0033995,900,3062.206,1.74266634215,1.397140151891,0,49.245162,626.233875,0.284,25.2,120.1176,250.750025,17.92415,1594.86775,0,0,140
"354",28469,26.75,6.25,"South-Sudan",2,15,17525.7978161,0.0033995,900,3059.473,5.72837213488,0.863018651339,0,103.509647,625.0325,0.392,25.7516,118.9208,236.5,19.44963,1617.836,0,0,736
"355",28470,26.75,6.75,"South-Sudan",2,15,25924.0038322,0.0033995,900,3056.512,8.48156345618,1.67030166362,0,194.00595,606.567775,0.394,26.28718,113.0928,223.277775,21.4098,1595.98125,0,0,736
"356",28471,26.75,7.25,"South-Sudan",2,15,21706.1467038,0.0033995,900,3053.325,7.10901878934,3.49452796449,0,126.99545,599.32585,0.393,26.68574,105.3127,213.888875,22.89057,1568.11975,0,0,736
"357",28472,26.75,7.75,"South-Sudan",2,15,11127.0689572,0.0033995,900,3049.911,3.64832525726,3.223248919189,0,149.73341,595.8464,0.494,27.00497,101.48225,205.5278,23.90934,1541.394,0,0,736
"358",28657,27.25,4.25,"Democratic-Republic-of-the-Congo",2,17,11826.3287432,0.0033995,900,3069.042,3.85342735332,1.062615741481,0,70.754477,664.79415,0.256,24.46795,144.47215,272.7222,14.71014,1463.66825,0,0,180
"359",28658,27.25,4.75,"Democratic-Republic-of-the-Congo",2,17,15170.1052101,0.0033995,900,3066.99,4.94625122832,0.294831340478,0,40.751025,681.224175,0.256,24.78237,129.5541,262.527775,15.85355,1492.95525,0,0,180
"360",28659,27.25,5.25,"Central-African-Republic",2,17,15248.3026253,0.0033995,900,3064.712,4.97544420592,3.996684374256,0,85.74782,651.38195,0.274,25.02676,123.14465,255.249975,17.22716,1523.21525,0,0,140
"361",28660,27.25,5.75,"South-Sudan",2,15,13482.0688471,0.0033995,900,3062.206,4.4027310999,2.147169693622,0,16.9984,615.88085,0.354,25.45994,121.5643,244.583325,18.33406,1554.39675,0,0,736
"362",28661,27.25,6.25,"South-Sudan",2,15,11420.7796912,0.0033995,900,3059.473,3.73292427701,1.88471807492,0,200.767798,601.271925,0.394,26.31763,117.84635,230.47225,21.72145,1575.47125,0,0,736
"363",28662,27.25,6.75,"South-Sudan",2,15,19374.285584,0.0033995,900,3056.512,6.33869033744,3.432302076292,0,227.257485,560.349175,0.394,26.86026,108.12815,217.6389,23.73827,1550.4805,0,0,736
"364",28663,27.25,7.25,"South-Sudan",2,15,30482.3658991,0.0033995,900,3053.325,9.98333397804,0.002713360997,0,122.244135,539.121925,0.393,27.23718,99.54495,210.1389,25.0748,1521.74875,0,0,736
"365",28850,27.75,4.25,"Democratic-Republic-of-the-Congo",2,17,15955.1892691,0.0033995,900,3069.042,5.19875306122,0.956618798525,0,139.258927,675.687475,0.256,24.7367,140.42845,267.94445,15.67517,1421.659,0,0,180
"366",28851,27.75,4.75,"South-Sudan",2,15,29059.3127036,0.0033995,900,3066.99,9.47486251176,3.583023064945,0,135.003533,684.291375,0.256,25.09984,129.793,257.8056,15.13552,1451.7795,0,0,736
"367",28852,27.75,5.25,"South-Sudan",2,15,38365.5531969,0.0033995,900,3064.712,12.51848642117,2.071854107189,0,140.245245,625.120525,0.307,25.33942,123.53665,247.19445,17.8227,1482.8705,0,0,736
"368",28853,27.75,5.75,"South-Sudan",2,15,23042.5863514,0.0033995,900,3062.206,7.52483262783,2.576501397259,0,548.94468,584.26085,0.392,25.9524,121.92545,232.722225,20.26625,1514.87725,0,0,736
"369",28854,27.75,6.25,"South-Sudan",2,15,10527.094821,0.0033995,900,3059.473,3.44082005661,3.454270912784,0,239.522575,585.31805,0.394,26.50978,115.1318,221.416675,22.39291,1533.92025,0,0,736
"370",29045,28.25,4.75,"South-Sudan",2,15,52827.2931795,0.083502234,900,3066.99,17.22447274819,4.044672859431,136.743794,2057.55575,626.108625,0.271,25.52051,125.02025,251.749975,18.61967,1411.555,72.857325,5245.72723,736
"371",29046,28.25,5.25,"South-Sudan",2,15,55530.6990185,0.0033995,900,3064.712,18.11938688993,4.078218395394,0,1495.4585,611.269425,0.391,26.11282,122.6984,237.194425,20.9445,1443.514,0,0,736
"372",29047,28.25,5.75,"South-Sudan",2,15,46823.1065321,0.0033995,900,3062.206,15.29064638821,3.111968938327,0,1382.12675,576.187525,0.395,26.16186,120.019,221.58335,21.00907,1476.15075,0,0,736
