"ID","rownumber"
22719,1
22720,2
22721,3
22829,4
22830,5
22831,6
22832,7
22833,8
22834,9
22835,10
22836,11
22837,12
22942,13
22943,14
22944,15
22945,16
22946,17
22947,18
22948,19
22949,20
22950,21
22951,22
23058,23
23059,24
23060,25
23061,26
23062,27
23063,28
23064,29
23065,30
23066,31
23067,32
23068,33
23069,34
23172,35
23173,36
23174,37
23175,38
23176,39
23177,40
23178,41
23179,42
23180,43
23181,44
23182,45
23183,46
23184,47
23185,48
23283,49
23284,50
23285,51
23286,52
23287,53
23288,54
23289,55
23290,56
23291,57
23292,58
23293,59
23294,60
23295,61
23296,62
23297,63
23298,64
23409,65
23410,66
23411,67
23412,68
23413,69
23414,70
23415,71
23416,72
23417,73
23418,74
23419,75
23420,76
23421,77
23422,78
23423,79
23424,80
23544,81
23545,82
23546,83
23547,84
23548,85
23549,86
23550,87
23551,88
23552,89
23553,90
23554,91
23555,92
23556,93
23557,94
23558,95
23688,96
23689,97
23690,98
23691,99
23692,100
23693,101
23694,102
23695,103
23696,104
23697,105
23698,106
23699,107
23700,108
23701,109
23839,110
23840,111
23841,112
23842,113
23843,114
23844,115
23845,116
23846,117
23847,118
23848,119
23849,120
23850,121
23851,122
23998,123
23999,124
24000,125
24001,126
24002,127
24003,128
24004,129
24005,130
24006,131
24007,132
24008,133
24158,134
24159,135
24160,136
24161,137
24162,138
24163,139
24164,140
24165,141
24166,142
24167,143
24168,144
24324,145
24325,146
24326,147
24327,148
24328,149
24329,150
24330,151
24331,152
24332,153
