"V1","V2","V3","V4","V5","V6","V7","V8","V9","V10","V11","V12","V13","V14","V15","V16","V17","V18","V19","V20","V21","V22","V23","V24","V25","V26","V27","V28","V29","V30","V31","V32","V33","V34","V35","V36","V37","V38","V39","V40","V41","V42","V43","V44","V45","V46","V47","V48","V49","V50","V51","V52","V53","V54","V55","V56","V57","V58","V59","V60","V61","V62","V63","V64","V65","V66","V67","V68","V69","V70","V71","V72","V73","V74","V75","V76","V77","V78","V79","V80","V81","V82","V83","V84","V85","V86","V87","V88","V89","V90","V91","V92","V93","V94","V95","V96","V97","V98","V99","V100","V101","V102","V103","V104","V105","V106","V107","V108"
0,2.00498133247767e-05,0,0,0,0.000139487009043156,1.48282415281918e-05,3.50403748470234e-05,0,0,0,0,0,0,0,0,0,0,0,0,0,0,0,0,0,0,0,0,0,0,0,0,0,0,0,0,0,0,0,0,0,0,0,0,0,0,0,0,0,0,0,0,0,0,0,0,0,0,0,0,0,0,0,0,0,0,0,0,0,0,0,0,0,0,0,0,0,0,0,0,0,0,0,0,0,0,0,0,0,0,0,0,0,0,0,0,0,0,0,0,0,0,0,0,0,0,0,0
2.00498133247767e-05,0,3.21623873423843e-05,0,0,0,0.000127785968138145,2.28089621602331e-05,3.36765678509838e-05,0,0,0,0,0,0,0,0,0,0,0,0,0,0,0,0,0,0,0,0,0,0,0,0,0,0,0,0,0,0,0,0,0,0,0,0,0,0,0,0,0,0,0,0,0,0,0,0,0,0,0,0,0,0,0,0,0,0,0,0,0,0,0,0,0,0,0,0,0,0,0,0,0,0,0,0,0,0,0,0,0,0,0,0,0,0,0,0,0,0,0,0,0,0,0,0,0,0,0
0,3.21623873423843e-05,0,3.02119728736382e-05,0,0,0,4.54619321367152e-05,2.1437556624614e-05,4.8420093488675e-05,0,0,0,0,0,0,0,0,0,0,0,0,0,0,0,0,0,0,0,0,0,0,0,0,0,0,0,0,0,0,0,0,0,0,0,0,0,0,0,0,0,0,0,0,0,0,0,0,0,0,0,0,0,0,0,0,0,0,0,0,0,0,0,0,0,0,0,0,0,0,0,0,0,0,0,0,0,0,0,0,0,0,0,0,0,0,0,0,0,0,0,0,0,0,0,0,0,0
0,0,3.02119728736382e-05,0,3.76485404361525e-05,0,0,0,3.27551398037557e-05,5.69624077821689e-05,3.61589000618731e-05,0,0,0,0,0,0,0,0,0,0,0,0,0,0,0,0,0,0,0,0,0,0,0,0,0,0,0,0,0,0,0,0,0,0,0,0,0,0,0,0,0,0,0,0,0,0,0,0,0,0,0,0,0,0,0,0,0,0,0,0,0,0,0,0,0,0,0,0,0,0,0,0,0,0,0,0,0,0,0,0,0,0,0,0,0,0,0,0,0,0,0,0,0,0,0,0,0
0,0,0,3.76485404361525e-05,0,0,0,0,0,0.000108289526725042,6.95148472611243e-05,4.04065526217321e-05,0,0,0,0,0,0,0,0,0,0,0,0,0,0,0,0,0,0,0,0,0,0,0,0,0,0,0,0,0,0,0,0,0,0,0,0,0,0,0,0,0,0,0,0,0,0,0,0,0,0,0,0,0,0,0,0,0,0,0,0,0,0,0,0,0,0,0,0,0,0,0,0,0,0,0,0,0,0,0,0,0,0,0,0,0,0,0,0,0,0,0,0,0,0,0,0
0.000139487009043156,0,0,0,0,0,2.05181010054015e-05,0,0,0,0,0,2.29430313150614e-05,2.486780979951e-05,0,0,0,0,0,0,0,0,0,0,0,0,0,0,0,0,0,0,0,0,0,0,0,0,0,0,0,0,0,0,0,0,0,0,0,0,0,0,0,0,0,0,0,0,0,0,0,0,0,0,0,0,0,0,0,0,0,0,0,0,0,0,0,0,0,0,0,0,0,0,0,0,0,0,0,0,0,0,0,0,0,0,0,0,0,0,0,0,0,0,0,0,0,0
1.48282415281918e-05,0.000127785968138145,0,0,0,2.05181010054015e-05,0,1.80626096116355e-05,0,0,0,0,3.61447930016698e-05,1.44748503657323e-05,2.35981554810022e-05,0,0,0,0,0,0,0,0,0,0,0,0,0,0,0,0,0,0,0,0,0,0,0,0,0,0,0,0,0,0,0,0,0,0,0,0,0,0,0,0,0,0,0,0,0,0,0,0,0,0,0,0,0,0,0,0,0,0,0,0,0,0,0,0,0,0,0,0,0,0,0,0,0,0,0,0,0,0,0,0,0,0,0,0,0,0,0,0,0,0,0,0,0
3.50403748470234e-05,2.28089621602331e-05,4.54619321367152e-05,0,0,0,1.80626096116355e-05,0,4.13635344985033e-05,0,0,0,0,2.3666985495484e-05,2.28942770338839e-05,3.95973633519409e-05,0,0,0,0,0,0,0,0,0,0,0,0,0,0,0,0,0,0,0,0,0,0,0,0,0,0,0,0,0,0,0,0,0,0,0,0,0,0,0,0,0,0,0,0,0,0,0,0,0,0,0,0,0,0,0,0,0,0,0,0,0,0,0,0,0,0,0,0,0,0,0,0,0,0,0,0,0,0,0,0,0,0,0,0,0,0,0,0,0,0,0,0
0,3.36765678509838e-05,2.1437556624614e-05,3.27551398037557e-05,0,0,0,4.13635344985033e-05,0,2.67786276146027e-05,0,0,0,0,3.13705396221463e-05,2.65487982974223e-05,4.01901416273464e-05,0,0,0,0,0,0,0,0,0,0,0,0,0,0,0,0,0,0,0,0,0,0,0,0,0,0,0,0,0,0,0,0,0,0,0,0,0,0,0,0,0,0,0,0,0,0,0,0,0,0,0,0,0,0,0,0,0,0,0,0,0,0,0,0,0,0,0,0,0,0,0,0,0,0,0,0,0,0,0,0,0,0,0,0,0,0,0,0,0,0,0
0,0,4.8420093488675e-05,5.69624077821689e-05,0.000108289526725042,0,0,0,2.67786276146027e-05,0,3.73212604485473e-05,0,0,0,0,4.61414837062382e-05,2.01916746875995e-05,7.47633573311697e-05,0,0,0,0,0,0,0,0,0,0,0,0,0,0,0,0,0,0,0,0,0,0,0,0,0,0,0,0,0,0,0,0,0,0,0,0,0,0,0,0,0,0,0,0,0,0,0,0,0,0,0,0,0,0,0,0,0,0,0,0,0,0,0,0,0,0,0,0,0,0,0,0,0,0,0,0,0,0,0,0,0,0,0,0,0,0,0,0,0,0
0,0,0,3.61589000618731e-05,6.95148472611243e-05,0,0,0,0,3.73212604485473e-05,0,3.27314004166849e-05,0,0,0,0,5.09923562498868e-05,6.96443860154593e-05,4.14296618715946e-05,0,0,0,0,0,0,0,0,0,0,0,0,0,0,0,0,0,0,0,0,0,0,0,0,0,0,0,0,0,0,0,0,0,0,0,0,0,0,0,0,0,0,0,0,0,0,0,0,0,0,0,0,0,0,0,0,0,0,0,0,0,0,0,0,0,0,0,0,0,0,0,0,0,0,0,0,0,0,0,0,0,0,0,0,0,0,0,0,0
0,0,0,0,4.04065526217321e-05,0,0,0,0,0,3.27314004166849e-05,0,0,0,0,0,0,5.52252071291529e-05,2.47714138660809e-05,4.22430477201284e-05,0,0,0,0,0,0,0,0,0,0,0,0,0,0,0,0,0,0,0,0,0,0,0,0,0,0,0,0,0,0,0,0,0,0,0,0,0,0,0,0,0,0,0,0,0,0,0,0,0,0,0,0,0,0,0,0,0,0,0,0,0,0,0,0,0,0,0,0,0,0,0,0,0,0,0,0,0,0,0,0,0,0,0,0,0,0,0,0
0,0,0,0,0,2.29430313150614e-05,3.61447930016698e-05,0,0,0,0,0,0,2.08838469497735e-05,0,0,0,0,0,0,0,0,1.66497270835119e-05,2.28979099407309e-05,0,0,0,0,0,0,0,0,0,0,0,0,0,0,0,0,0,0,0,0,0,0,0,0,0,0,0,0,0,0,0,0,0,0,0,0,0,0,0,0,0,0,0,0,0,0,0,0,0,0,0,0,0,0,0,0,0,0,0,0,0,0,0,0,0,0,0,0,0,0,0,0,0,0,0,0,0,0,0,0,0,0,0,0
0,0,0,0,0,2.486780979951e-05,1.44748503657323e-05,2.3666985495484e-05,0,0,0,0,2.08838469497735e-05,0,1.8081758012785e-05,0,0,0,0,0,0,0,2.11276698502999e-05,1.50557148865546e-05,2.14296411298552e-05,0,0,0,0,0,0,0,0,0,0,0,0,0,0,0,0,0,0,0,0,0,0,0,0,0,0,0,0,0,0,0,0,0,0,0,0,0,0,0,0,0,0,0,0,0,0,0,0,0,0,0,0,0,0,0,0,0,0,0,0,0,0,0,0,0,0,0,0,0,0,0,0,0,0,0,0,0,0,0,0,0,0,0
0,0,0,0,0,0,2.35981554810022e-05,2.28942770338839e-05,3.13705396221463e-05,0,0,0,0,1.8081758012785e-05,0,2.77720399718961e-05,0,0,0,0,0,0,0,2.66629058065044e-05,4.49528158845828e-05,5.06793205118552e-05,0,0,0,0,0,0,0,0,0,0,0,0,0,0,0,0,0,0,0,0,0,0,0,0,0,0,0,0,0,0,0,0,0,0,0,0,0,0,0,0,0,0,0,0,0,0,0,0,0,0,0,0,0,0,0,0,0,0,0,0,0,0,0,0,0,0,0,0,0,0,0,0,0,0,0,0,0,0,0,0,0,0
0,0,0,0,0,0,0,3.95973633519409e-05,2.65487982974223e-05,4.61414837062382e-05,0,0,0,0,2.77720399718961e-05,0,4.35903164075958e-05,0,0,0,0,0,0,0,3.94898033647263e-05,2.85852763933151e-05,5.23450243777559e-05,0,0,0,0,0,0,0,0,0,0,0,0,0,0,0,0,0,0,0,0,0,0,0,0,0,0,0,0,0,0,0,0,0,0,0,0,0,0,0,0,0,0,0,0,0,0,0,0,0,0,0,0,0,0,0,0,0,0,0,0,0,0,0,0,0,0,0,0,0,0,0,0,0,0,0,0,0,0,0,0,0
0,0,0,0,0,0,0,0,4.01901416273464e-05,2.01916746875995e-05,5.09923562498868e-05,0,0,0,0,4.35903164075958e-05,0,8.99134725737695e-05,0,0,0,0,0,0,0,6.71426634279015e-05,9.60741882259456e-05,6.46862103634762e-05,0,0,0,0,0,0,0,0,0,0,0,0,0,0,0,0,0,0,0,0,0,0,0,0,0,0,0,0,0,0,0,0,0,0,0,0,0,0,0,0,0,0,0,0,0,0,0,0,0,0,0,0,0,0,0,0,0,0,0,0,0,0,0,0,0,0,0,0,0,0,0,0,0,0,0,0,0,0,0,0
0,0,0,0,0,0,0,0,0,7.47633573311697e-05,6.96443860154593e-05,5.52252071291529e-05,0,0,0,0,8.99134725737695e-05,0,3.39254675586487e-05,0,0,0,0,0,0,0,8.35305548112493e-05,4.38451300653077e-05,7.51732243686356e-05,0,0,0,0,0,0,0,0,0,0,0,0,0,0,0,0,0,0,0,0,0,0,0,0,0,0,0,0,0,0,0,0,0,0,0,0,0,0,0,0,0,0,0,0,0,0,0,0,0,0,0,0,0,0,0,0,0,0,0,0,0,0,0,0,0,0,0,0,0,0,0,0,0,0,0,0,0,0,0
0,0,0,0,0,0,0,0,0,0,4.14296618715946e-05,2.47714138660809e-05,0,0,0,0,0,3.39254675586487e-05,0,3.73192070506382e-05,0,0,0,0,0,0,0,5.52545046496273e-05,3.75608045249093e-05,4.4797321449542e-05,0,0,0,0,0,0,0,0,0,0,0,0,0,0,0,0,0,0,0,0,0,0,0,0,0,0,0,0,0,0,0,0,0,0,0,0,0,0,0,0,0,0,0,0,0,0,0,0,0,0,0,0,0,0,0,0,0,0,0,0,0,0,0,0,0,0,0,0,0,0,0,0,0,0,0,0,0,0
0,0,0,0,0,0,0,0,0,0,0,4.22430477201284e-05,0,0,0,0,0,0,3.73192070506382e-05,0,4.31416625530459e-05,0,0,0,0,0,0,0,4.60588991835855e-05,2.96965317752169e-05,4.77252933642424e-05,0,0,0,0,0,0,0,0,0,0,0,0,0,0,0,0,0,0,0,0,0,0,0,0,0,0,0,0,0,0,0,0,0,0,0,0,0,0,0,0,0,0,0,0,0,0,0,0,0,0,0,0,0,0,0,0,0,0,0,0,0,0,0,0,0,0,0,0,0,0,0,0,0,0,0,0,0
0,0,0,0,0,0,0,0,0,0,0,0,0,0,0,0,0,0,0,4.31416625530459e-05,0,4.81595945943466e-05,0,0,0,0,0,0,0,4.96286647072462e-05,3.10332800825533e-05,5.44426616526406e-05,0,0,0,0,0,0,0,0,0,0,0,0,0,0,0,0,0,0,0,0,0,0,0,0,0,0,0,0,0,0,0,0,0,0,0,0,0,0,0,0,0,0,0,0,0,0,0,0,0,0,0,0,0,0,0,0,0,0,0,0,0,0,0,0,0,0,0,0,0,0,0,0,0,0,0,0
0,0,0,0,0,0,0,0,0,0,0,0,0,0,0,0,0,0,0,0,4.81595945943466e-05,0,0,0,0,0,0,0,0,0,5.62206812112029e-05,3.0726246141059e-05,0,0,0,0,0,0,0,0,0,0,0,0,0,0,0,0,0,0,0,0,0,0,0,0,0,0,0,0,0,0,0,0,0,0,0,0,0,0,0,0,0,0,0,0,0,0,0,0,0,0,0,0,0,0,0,0,0,0,0,0,0,0,0,0,0,0,0,0,0,0,0,0,0,0,0,0
0,0,0,0,0,0,0,0,0,0,0,0,1.66497270835119e-05,2.11276698502999e-05,0,0,0,0,0,0,0,0,0,1.6498795377024e-05,0,0,0,0,0,0,0,0,4.02091919937417e-05,1.60636836291809e-05,2.1377210363205e-05,0,0,0,0,0,0,0,0,0,0,0,0,0,0,0,0,0,0,0,0,0,0,0,0,0,0,0,0,0,0,0,0,0,0,0,0,0,0,0,0,0,0,0,0,0,0,0,0,0,0,0,0,0,0,0,0,0,0,0,0,0,0,0,0,0,0,0,0,0,0,0,0,0
0,0,0,0,0,0,0,0,0,0,0,0,2.28979099407309e-05,1.50557148865546e-05,2.66629058065044e-05,0,0,0,0,0,0,0,1.6498795377024e-05,0,1.67280933179386e-05,0,0,0,0,0,0,0,0,2.20544034083217e-05,1.5248117201653e-05,2.37226140912944e-05,0,0,0,0,0,0,0,0,0,0,0,0,0,0,0,0,0,0,0,0,0,0,0,0,0,0,0,0,0,0,0,0,0,0,0,0,0,0,0,0,0,0,0,0,0,0,0,0,0,0,0,0,0,0,0,0,0,0,0,0,0,0,0,0,0,0,0,0,0,0,0,0
0,0,0,0,0,0,0,0,0,0,0,0,0,2.14296411298552e-05,4.49528158845828e-05,3.94898033647263e-05,0,0,0,0,0,0,0,1.67280933179386e-05,0,6.16130456264928e-05,0,0,0,0,0,0,0,0,2.16514744980945e-05,3.25369514168572e-05,4.55994752218766e-05,0,0,0,0,0,0,0,0,0,0,0,0,0,0,0,0,0,0,0,0,0,0,0,0,0,0,0,0,0,0,0,0,0,0,0,0,0,0,0,0,0,0,0,0,0,0,0,0,0,0,0,0,0,0,0,0,0,0,0,0,0,0,0,0,0,0,0,0,0,0,0
0,0,0,0,0,0,0,0,0,0,0,0,0,0,5.06793205118552e-05,2.85852763933151e-05,6.71426634279015e-05,0,0,0,0,0,0,0,6.16130456264928e-05,0,3.86992403027597e-05,0,0,0,0,0,0,0,0,7.05008904481815e-05,3.41733955106822e-05,4.81182432611779e-05,0,0,0,0,0,0,0,0,0,0,0,0,0,0,0,0,0,0,0,0,0,0,0,0,0,0,0,0,0,0,0,0,0,0,0,0,0,0,0,0,0,0,0,0,0,0,0,0,0,0,0,0,0,0,0,0,0,0,0,0,0,0,0,0,0,0,0,0,0,0
0,0,0,0,0,0,0,0,0,0,0,0,0,0,0,5.23450243777559e-05,9.60741882259456e-05,8.35305548112493e-05,0,0,0,0,0,0,0,3.86992403027597e-05,0,5.4060071549269e-05,0,0,0,0,0,0,0,0,4.78314263015149e-05,2.89511729116669e-05,4.38021700200344e-05,0,0,0,0,0,0,0,0,0,0,0,0,0,0,0,0,0,0,0,0,0,0,0,0,0,0,0,0,0,0,0,0,0,0,0,0,0,0,0,0,0,0,0,0,0,0,0,0,0,0,0,0,0,0,0,0,0,0,0,0,0,0,0,0,0,0,0,0,0
0,0,0,0,0,0,0,0,0,0,0,0,0,0,0,0,6.46862103634762e-05,4.38451300653077e-05,5.52545046496273e-05,0,0,0,0,0,0,0,5.4060071549269e-05,0,4.65748042665247e-05,0,0,0,0,0,0,0,0,0.000105690430574326,7.99665835781676e-05,8.99311532998103e-05,0,0,0,0,0,0,0,0,0,0,0,0,0,0,0,0,0,0,0,0,0,0,0,0,0,0,0,0,0,0,0,0,0,0,0,0,0,0,0,0,0,0,0,0,0,0,0,0,0,0,0,0,0,0,0,0,0,0,0,0,0,0,0,0,0,0,0,0
0,0,0,0,0,0,0,0,0,0,0,0,0,0,0,0,0,7.51732243686356e-05,3.75608045249093e-05,4.60588991835855e-05,0,0,0,0,0,0,0,4.65748042665247e-05,0,3.43088713893135e-05,0,0,0,0,0,0,0,0,4.34506419589776e-05,3.98703257450233e-05,4.7506459869631e-05,0,0,0,0,0,0,0,0,0,0,0,0,0,0,0,0,0,0,0,0,0,0,0,0,0,0,0,0,0,0,0,0,0,0,0,0,0,0,0,0,0,0,0,0,0,0,0,0,0,0,0,0,0,0,0,0,0,0,0,0,0,0,0,0,0,0,0
0,0,0,0,0,0,0,0,0,0,0,0,0,0,0,0,0,0,4.4797321449542e-05,2.96965317752169e-05,4.96286647072462e-05,0,0,0,0,0,0,0,3.43088713893135e-05,0,4.21388698418454e-05,0,0,0,0,0,0,0,0,4.92482398944398e-05,3.59696664232258e-05,4.2050470616805e-05,0,0,0,0,0,0,0,0,0,0,0,0,0,0,0,0,0,0,0,0,0,0,0,0,0,0,0,0,0,0,0,0,0,0,0,0,0,0,0,0,0,0,0,0,0,0,0,0,0,0,0,0,0,0,0,0,0,0,0,0,0,0,0,0,0,0
0,0,0,0,0,0,0,0,0,0,0,0,0,0,0,0,0,0,0,4.77252933642424e-05,3.10332800825533e-05,5.62206812112029e-05,0,0,0,0,0,0,0,4.21388698418454e-05,0,6.17902709987169e-05,0,0,0,0,0,0,0,0,5.91435961404023e-05,3.46798942103373e-05,5.71432431809944e-05,0,0,0,0,0,0,0,0,0,0,0,0,0,0,0,0,0,0,0,0,0,0,0,0,0,0,0,0,0,0,0,0,0,0,0,0,0,0,0,0,0,0,0,0,0,0,0,0,0,0,0,0,0,0,0,0,0,0,0,0,0,0,0,0,0
0,0,0,0,0,0,0,0,0,0,0,0,0,0,0,0,0,0,0,0,5.44426616526406e-05,3.0726246141059e-05,0,0,0,0,0,0,0,0,6.17902709987169e-05,0,0,0,0,0,0,0,0,0,0,6.70498994760375e-05,4.02294250030506e-05,0,0,0,0,0,0,0,0,0,0,0,0,0,0,0,0,0,0,0,0,0,0,0,0,0,0,0,0,0,0,0,0,0,0,0,0,0,0,0,0,0,0,0,0,0,0,0,0,0,0,0,0,0,0,0,0,0,0,0,0,0,0,0,0,0
0,0,0,0,0,0,0,0,0,0,0,0,0,0,0,0,0,0,0,0,0,0,4.02091919937417e-05,0,0,0,0,0,0,0,0,0,0,1.63837798676594e-05,0,0,0,0,0,0,0,0,0,0,0,2.17106099079034e-05,1.72215965168652e-05,2.14940265184823e-05,0,0,0,0,0,0,0,0,0,0,0,0,0,0,0,0,0,0,0,0,0,0,0,0,0,0,0,0,0,0,0,0,0,0,0,0,0,0,0,0,0,0,0,0,0,0,0,0,0,0,0,0,0,0,0,0,0,0,0,0
0,0,0,0,0,0,0,0,0,0,0,0,0,0,0,0,0,0,0,0,0,0,1.60636836291809e-05,2.20544034083217e-05,0,0,0,0,0,0,0,0,1.63837798676594e-05,0,1.66619957997265e-05,0,0,0,0,0,0,0,0,0,0,0,2.43053241158413e-05,1.63072383399544e-05,2.24920765984537e-05,0,0,0,0,0,0,0,0,0,0,0,0,0,0,0,0,0,0,0,0,0,0,0,0,0,0,0,0,0,0,0,0,0,0,0,0,0,0,0,0,0,0,0,0,0,0,0,0,0,0,0,0,0,0,0,0,0,0,0
0,0,0,0,0,0,0,0,0,0,0,0,0,0,0,0,0,0,0,0,0,0,2.1377210363205e-05,1.5248117201653e-05,2.16514744980945e-05,0,0,0,0,0,0,0,0,1.66619957997265e-05,0,1.80483122558953e-05,0,0,0,0,0,0,0,0,0,0,0,2.1812317678317e-05,1.56597615618231e-05,2.3555462309162e-05,0,0,0,0,0,0,0,0,0,0,0,0,0,0,0,0,0,0,0,0,0,0,0,0,0,0,0,0,0,0,0,0,0,0,0,0,0,0,0,0,0,0,0,0,0,0,0,0,0,0,0,0,0,0,0,0,0,0
0,0,0,0,0,0,0,0,0,0,0,0,0,0,0,0,0,0,0,0,0,0,0,2.37226140912944e-05,3.25369514168572e-05,7.05008904481815e-05,0,0,0,0,0,0,0,0,1.80483122558953e-05,0,3.65125140455455e-05,0,0,0,0,0,0,0,0,0,0,0,8.63182920001823e-05,3.17884901258504e-05,3.79835161359179e-05,0,0,0,0,0,0,0,0,0,0,0,0,0,0,0,0,0,0,0,0,0,0,0,0,0,0,0,0,0,0,0,0,0,0,0,0,0,0,0,0,0,0,0,0,0,0,0,0,0,0,0,0,0,0,0,0,0
0,0,0,0,0,0,0,0,0,0,0,0,0,0,0,0,0,0,0,0,0,0,0,0,4.55994752218766e-05,3.41733955106822e-05,4.78314263015149e-05,0,0,0,0,0,0,0,0,3.65125140455455e-05,0,5.66087960555791e-05,0,0,0,0,0,0,0,0,0,0,0,3.42375393131488e-05,1.93655658832909e-05,3.96364324608475e-05,0,0,0,0,0,0,0,0,0,0,0,0,0,0,0,0,0,0,0,0,0,0,0,0,0,0,0,0,0,0,0,0,0,0,0,0,0,0,0,0,0,0,0,0,0,0,0,0,0,0,0,0,0,0,0,0
0,0,0,0,0,0,0,0,0,0,0,0,0,0,0,0,0,0,0,0,0,0,0,0,0,4.81182432611779e-05,2.89511729116669e-05,0.000105690430574326,0,0,0,0,0,0,0,0,5.66087960555791e-05,0,3.27935155023392e-05,0,0,0,0,0,0,0,0,0,0,0,5.415761595301e-05,3.05451003664641e-05,3.89829947793271e-05,0,0,0,0,0,0,0,0,0,0,0,0,0,0,0,0,0,0,0,0,0,0,0,0,0,0,0,0,0,0,0,0,0,0,0,0,0,0,0,0,0,0,0,0,0,0,0,0,0,0,0,0,0,0,0
0,0,0,0,0,0,0,0,0,0,0,0,0,0,0,0,0,0,0,0,0,0,0,0,0,0,4.38021700200344e-05,7.99665835781676e-05,4.34506419589776e-05,0,0,0,0,0,0,0,0,3.27935155023392e-05,0,3.81532976013557e-05,0,0,0,0,0,0,0,0,0,0,0,4.31542725798086e-05,2.33398486634635e-05,4.36317421634297e-05,0,0,0,0,0,0,0,0,0,0,0,0,0,0,0,0,0,0,0,0,0,0,0,0,0,0,0,0,0,0,0,0,0,0,0,0,0,0,0,0,0,0,0,0,0,0,0,0,0,0,0,0,0,0
0,0,0,0,0,0,0,0,0,0,0,0,0,0,0,0,0,0,0,0,0,0,0,0,0,0,0,8.99311532998103e-05,3.98703257450233e-05,4.92482398944398e-05,0,0,0,0,0,0,0,0,3.81532976013557e-05,0,2.90146732420971e-05,0,0,0,0,0,0,0,0,0,0,0,4.95277046050193e-05,2.45194680600468e-05,6.01774665157657e-05,0,0,0,0,0,0,0,0,0,0,0,0,0,0,0,0,0,0,0,0,0,0,0,0,0,0,0,0,0,0,0,0,0,0,0,0,0,0,0,0,0,0,0,0,0,0,0,0,0,0,0,0,0
0,0,0,0,0,0,0,0,0,0,0,0,0,0,0,0,0,0,0,0,0,0,0,0,0,0,0,0,4.7506459869631e-05,3.59696664232258e-05,5.91435961404023e-05,0,0,0,0,0,0,0,0,2.90146732420971e-05,0,4.22202798389575e-05,0,0,0,0,0,0,0,0,0,0,0,5.25408918844861e-05,3.49020224301188e-05,4.61879532286887e-05,0,0,0,0,0,0,0,0,0,0,0,0,0,0,0,0,0,0,0,0,0,0,0,0,0,0,0,0,0,0,0,0,0,0,0,0,0,0,0,0,0,0,0,0,0,0,0,0,0,0,0,0
0,0,0,0,0,0,0,0,0,0,0,0,0,0,0,0,0,0,0,0,0,0,0,0,0,0,0,0,0,4.2050470616805e-05,3.46798942103373e-05,6.70498994760375e-05,0,0,0,0,0,0,0,0,4.22202798389575e-05,0,3.54111207224099e-05,0,0,0,0,0,0,0,0,0,0,0,4.29371820469291e-05,3.11931284619011e-05,4.37149468877274e-05,0,0,0,0,0,0,0,0,0,0,0,0,0,0,0,0,0,0,0,0,0,0,0,0,0,0,0,0,0,0,0,0,0,0,0,0,0,0,0,0,0,0,0,0,0,0,0,0,0,0,0
0,0,0,0,0,0,0,0,0,0,0,0,0,0,0,0,0,0,0,0,0,0,0,0,0,0,0,0,0,0,5.71432431809944e-05,4.02294250030506e-05,0,0,0,0,0,0,0,0,0,3.54111207224099e-05,0,0,0,0,0,0,0,0,0,0,0,0,0,4.96584051636345e-05,3.63460256885812e-05,0,0,0,0,0,0,0,0,0,0,0,0,0,0,0,0,0,0,0,0,0,0,0,0,0,0,0,0,0,0,0,0,0,0,0,0,0,0,0,0,0,0,0,0,0,0,0,0,0,0,0
0,0,0,0,0,0,0,0,0,0,0,0,0,0,0,0,0,0,0,0,0,0,0,0,0,0,0,0,0,0,0,0,0,0,0,0,0,0,0,0,0,0,0,0,4.30345860249685e-05,0,0,0,0,0,0,0,0,0,0,0,0,4.42038790738608e-05,4.29058478502202e-05,2.48115488024153e-05,0,0,0,0,0,0,0,0,0,0,0,0,0,0,0,0,0,0,0,0,0,0,0,0,0,0,0,0,0,0,0,0,0,0,0,0,0,0,0,0,0,0,0,0,0,0,0,0
0,0,0,0,0,0,0,0,0,0,0,0,0,0,0,0,0,0,0,0,0,0,0,0,0,0,0,0,0,0,0,0,0,0,0,0,0,0,0,0,0,0,0,4.30345860249685e-05,0,1.93952687632672e-05,0,0,0,0,0,0,0,0,0,0,0,0,8.1706862138639e-05,1.87119812121505e-05,2.55733927092401e-05,0,0,0,0,0,0,0,0,0,0,0,0,0,0,0,0,0,0,0,0,0,0,0,0,0,0,0,0,0,0,0,0,0,0,0,0,0,0,0,0,0,0,0,0,0,0,0
0,0,0,0,0,0,0,0,0,0,0,0,0,0,0,0,0,0,0,0,0,0,0,0,0,0,0,0,0,0,0,0,2.17106099079034e-05,0,0,0,0,0,0,0,0,0,0,0,1.93952687632672e-05,0,2.04292612417427e-05,0,0,0,0,0,0,0,0,0,0,0,0,2.2938877751681e-05,1.65955794024899e-05,4.02068097275235e-05,0,0,0,0,0,0,0,0,0,0,0,0,0,0,0,0,0,0,0,0,0,0,0,0,0,0,0,0,0,0,0,0,0,0,0,0,0,0,0,0,0,0,0,0,0,0
0,0,0,0,0,0,0,0,0,0,0,0,0,0,0,0,0,0,0,0,0,0,0,0,0,0,0,0,0,0,0,0,1.72215965168652e-05,2.43053241158413e-05,0,0,0,0,0,0,0,0,0,0,0,2.04292612417427e-05,0,1.8489699086496e-05,0,0,0,0,0,0,0,0,0,0,0,0,4.29234354439106e-05,2.49561908150752e-05,4.81519847569509e-05,0,0,0,0,0,0,0,0,0,0,0,0,0,0,0,0,0,0,0,0,0,0,0,0,0,0,0,0,0,0,0,0,0,0,0,0,0,0,0,0,0,0,0,0,0
0,0,0,0,0,0,0,0,0,0,0,0,0,0,0,0,0,0,0,0,0,0,0,0,0,0,0,0,0,0,0,0,2.14940265184823e-05,1.63072383399544e-05,2.1812317678317e-05,0,0,0,0,0,0,0,0,0,0,0,1.8489699086496e-05,0,1.71422655901619e-05,0,0,0,0,0,0,0,0,0,0,0,0,3.39973452253962e-05,1.91605452784349e-05,3.55175461681802e-05,0,0,0,0,0,0,0,0,0,0,0,0,0,0,0,0,0,0,0,0,0,0,0,0,0,0,0,0,0,0,0,0,0,0,0,0,0,0,0,0,0,0,0,0
0,0,0,0,0,0,0,0,0,0,0,0,0,0,0,0,0,0,0,0,0,0,0,0,0,0,0,0,0,0,0,0,0,2.24920765984537e-05,1.56597615618231e-05,8.63182920001823e-05,0,0,0,0,0,0,0,0,0,0,0,1.71422655901619e-05,0,1.75759903776169e-05,0,0,0,0,0,0,0,0,0,0,0,0,3.48070202226417e-05,1.89748279060819e-05,3.73187564606552e-05,0,0,0,0,0,0,0,0,0,0,0,0,0,0,0,0,0,0,0,0,0,0,0,0,0,0,0,0,0,0,0,0,0,0,0,0,0,0,0,0,0,0,0
0,0,0,0,0,0,0,0,0,0,0,0,0,0,0,0,0,0,0,0,0,0,0,0,0,0,0,0,0,0,0,0,0,0,2.3555462309162e-05,3.17884901258504e-05,3.42375393131488e-05,0,0,0,0,0,0,0,0,0,0,0,1.75759903776169e-05,0,3.6233318414226e-05,0,0,0,0,0,0,0,0,0,0,0,0,5.99472855976138e-05,3.70191992630131e-05,4.57583797937702e-05,0,0,0,0,0,0,0,0,0,0,0,0,0,0,0,0,0,0,0,0,0,0,0,0,0,0,0,0,0,0,0,0,0,0,0,0,0,0,0,0,0,0
0,0,0,0,0,0,0,0,0,0,0,0,0,0,0,0,0,0,0,0,0,0,0,0,0,0,0,0,0,0,0,0,0,0,0,3.79835161359179e-05,1.93655658832909e-05,5.415761595301e-05,0,0,0,0,0,0,0,0,0,0,0,3.6233318414226e-05,0,3.80349343234483e-05,0,0,0,0,0,0,0,0,0,0,0,0,5.99676161683094e-05,4.08205910027329e-05,4.76759992552547e-05,0,0,0,0,0,0,0,0,0,0,0,0,0,0,0,0,0,0,0,0,0,0,0,0,0,0,0,0,0,0,0,0,0,0,0,0,0,0,0,0,0
0,0,0,0,0,0,0,0,0,0,0,0,0,0,0,0,0,0,0,0,0,0,0,0,0,0,0,0,0,0,0,0,0,0,0,0,3.96364324608475e-05,3.05451003664641e-05,4.31542725798086e-05,0,0,0,0,0,0,0,0,0,0,0,3.80349343234483e-05,0,4.95055762341537e-05,0,0,0,0,0,0,0,0,0,0,0,0,6.37107467688831e-05,2.41209136623691e-05,6.97554397491398e-05,0,0,0,0,0,0,0,0,0,0,0,0,0,0,0,0,0,0,0,0,0,0,0,0,0,0,0,0,0,0,0,0,0,0,0,0,0,0,0,0
0,0,0,0,0,0,0,0,0,0,0,0,0,0,0,0,0,0,0,0,0,0,0,0,0,0,0,0,0,0,0,0,0,0,0,0,0,3.89829947793271e-05,2.33398486634635e-05,4.95277046050193e-05,0,0,0,0,0,0,0,0,0,0,0,4.95055762341537e-05,0,3.54923866440774e-05,0,0,0,0,0,0,0,0,0,0,0,0,5.94830257940402e-05,3.29995495271962e-05,4.61628587443972e-05,0,0,0,0,0,0,0,0,0,0,0,0,0,0,0,0,0,0,0,0,0,0,0,0,0,0,0,0,0,0,0,0,0,0,0,0,0,0,0
0,0,0,0,0,0,0,0,0,0,0,0,0,0,0,0,0,0,0,0,0,0,0,0,0,0,0,0,0,0,0,0,0,0,0,0,0,0,4.36317421634297e-05,2.45194680600468e-05,5.25408918844861e-05,0,0,0,0,0,0,0,0,0,0,0,3.54923866440774e-05,0,3.50483207663493e-05,0,0,0,0,0,0,0,0,0,0,0,0,4.46709898736367e-05,4.08506762333385e-05,4.42428957901051e-05,0,0,0,0,0,0,0,0,0,0,0,0,0,0,0,0,0,0,0,0,0,0,0,0,0,0,0,0,0,0,0,0,0,0,0,0,0,0
0,0,0,0,0,0,0,0,0,0,0,0,0,0,0,0,0,0,0,0,0,0,0,0,0,0,0,0,0,0,0,0,0,0,0,0,0,0,0,6.01774665157657e-05,3.49020224301188e-05,4.29371820469291e-05,0,0,0,0,0,0,0,0,0,0,0,3.50483207663493e-05,0,3.40064559709947e-05,0,0,0,0,0,0,0,0,0,0,0,0,6.39087876798108e-05,3.90614705839661e-05,4.24766680207716e-05,0,0,0,0,0,0,0,0,0,0,0,0,0,0,0,0,0,0,0,0,0,0,0,0,0,0,0,0,0,0,0,0,0,0,0,0,0
0,0,0,0,0,0,0,0,0,0,0,0,0,0,0,0,0,0,0,0,0,0,0,0,0,0,0,0,0,0,0,0,0,0,0,0,0,0,0,0,4.61879532286887e-05,3.11931284619011e-05,4.96584051636345e-05,0,0,0,0,0,0,0,0,0,0,0,3.40064559709947e-05,0,4.63944287158038e-05,0,0,0,0,0,0,0,0,0,0,0,0,4.28822504197211e-05,3.3578582432819e-05,5.35417338070607e-05,0,0,0,0,0,0,0,0,0,0,0,0,0,0,0,0,0,0,0,0,0,0,0,0,0,0,0,0,0,0,0,0,0,0,0,0
0,0,0,0,0,0,0,0,0,0,0,0,0,0,0,0,0,0,0,0,0,0,0,0,0,0,0,0,0,0,0,0,0,0,0,0,0,0,0,0,0,4.37149468877274e-05,3.63460256885812e-05,0,0,0,0,0,0,0,0,0,0,0,0,4.63944287158038e-05,0,0,0,0,0,0,0,0,0,0,0,0,0,0,5.72461952075055e-05,4.78862013293208e-05,5.03023862234059e-05,0,0,0,0,0,0,0,0,0,0,0,0,0,0,0,0,0,0,0,0,0,0,0,0,0,0,0,0,0,0,0,0,0,0,0
0,0,0,0,0,0,0,0,0,0,0,0,0,0,0,0,0,0,0,0,0,0,0,0,0,0,0,0,0,0,0,0,0,0,0,0,0,0,0,0,0,0,0,4.42038790738608e-05,0,0,0,0,0,0,0,0,0,0,0,0,0,0,4.62293864057926e-05,0,0,0,0,0,0,0,0,0,0,0,0,0,0,2.06235950178231e-05,6.11354813224842e-05,0,0,0,0,0,0,0,0,0,0,0,0,0,0,0,0,0,0,0,0,0,0,0,0,0,0,0,0,0,0,0,0,0
0,0,0,0,0,0,0,0,0,0,0,0,0,0,0,0,0,0,0,0,0,0,0,0,0,0,0,0,0,0,0,0,0,0,0,0,0,0,0,0,0,0,0,4.29058478502202e-05,8.1706862138639e-05,0,0,0,0,0,0,0,0,0,0,0,0,4.62293864057926e-05,0,2.11823681940723e-05,0,0,0,0,0,0,0,0,0,0,0,0,0,5.61575232399246e-05,2.3645939809467e-05,0.000252264331038842,0,0,0,0,0,0,0,0,0,0,0,0,0,0,0,0,0,0,0,0,0,0,0,0,0,0,0,0,0,0,0,0
0,0,0,0,0,0,0,0,0,0,0,0,0,0,0,0,0,0,0,0,0,0,0,0,0,0,0,0,0,0,0,0,0,0,0,0,0,0,0,0,0,0,0,2.48115488024153e-05,1.87119812121505e-05,2.2938877751681e-05,0,0,0,0,0,0,0,0,0,0,0,0,2.11823681940723e-05,0,1.7336292898795e-05,0,0,0,0,0,0,0,0,0,0,0,0,0,0.000221298923378378,2.64361729883058e-05,4.36234585123111e-05,0,0,0,0,0,0,0,0,0,0,0,0,0,0,0,0,0,0,0,0,0,0,0,0,0,0,0,0,0,0,0
0,0,0,0,0,0,0,0,0,0,0,0,0,0,0,0,0,0,0,0,0,0,0,0,0,0,0,0,0,0,0,0,0,0,0,0,0,0,0,0,0,0,0,0,2.55733927092401e-05,1.65955794024899e-05,4.29234354439106e-05,0,0,0,0,0,0,0,0,0,0,0,0,1.7336292898795e-05,0,2.29735174050768e-05,0,0,0,0,0,0,0,0,0,0,0,0,0,4.34601589128266e-05,2.47924609409857e-05,3.86392491269726e-05,0,0,0,0,0,0,0,0,0,0,0,0,0,0,0,0,0,0,0,0,0,0,0,0,0,0,0,0,0,0
0,0,0,0,0,0,0,0,0,0,0,0,0,0,0,0,0,0,0,0,0,0,0,0,0,0,0,0,0,0,0,0,0,0,0,0,0,0,0,0,0,0,0,0,0,4.02068097275235e-05,2.49561908150752e-05,3.39973452253962e-05,0,0,0,0,0,0,0,0,0,0,0,0,2.29735174050768e-05,0,2.19823370683554e-05,0,0,0,0,0,0,0,0,0,0,0,0,0,3.3415616521057e-05,6.92203180392347e-05,4.55103489165872e-05,0,0,0,0,0,0,0,0,0,0,0,0,0,0,0,0,0,0,0,0,0,0,0,0,0,0,0,0,0
0,0,0,0,0,0,0,0,0,0,0,0,0,0,0,0,0,0,0,0,0,0,0,0,0,0,0,0,0,0,0,0,0,0,0,0,0,0,0,0,0,0,0,0,0,0,4.81519847569509e-05,1.91605452784349e-05,3.48070202226417e-05,0,0,0,0,0,0,0,0,0,0,0,0,2.19823370683554e-05,0,2.5638748449934e-05,0,0,0,0,0,0,0,0,0,0,0,0,0,5.02208875000874e-05,2.57463274311058e-05,6.0987773352079e-05,0,0,0,0,0,0,0,0,0,0,0,0,0,0,0,0,0,0,0,0,0,0,0,0,0,0,0,0
0,0,0,0,0,0,0,0,0,0,0,0,0,0,0,0,0,0,0,0,0,0,0,0,0,0,0,0,0,0,0,0,0,0,0,0,0,0,0,0,0,0,0,0,0,0,0,3.55175461681802e-05,1.89748279060819e-05,5.99472855976138e-05,0,0,0,0,0,0,0,0,0,0,0,0,2.5638748449934e-05,0,2.25757989734769e-05,0,0,0,0,0,0,0,0,0,0,0,0,0,4.84399084120897e-05,5.10504579663216e-05,5.21052720966857e-05,0,0,0,0,0,0,0,0,0,0,0,0,0,0,0,0,0,0,0,0,0,0,0,0,0,0,0
0,0,0,0,0,0,0,0,0,0,0,0,0,0,0,0,0,0,0,0,0,0,0,0,0,0,0,0,0,0,0,0,0,0,0,0,0,0,0,0,0,0,0,0,0,0,0,0,3.73187564606552e-05,3.70191992630131e-05,5.99676161683094e-05,0,0,0,0,0,0,0,0,0,0,0,0,2.25757989734769e-05,0,3.58136964650949e-05,0,0,0,0,0,0,0,0,0,0,0,0,0,5.20055917458838e-05,2.37833525598897e-05,4.78283140564664e-05,0,0,0,0,0,0,0,0,0,0,0,0,0,0,0,0,0,0,0,0,0,0,0,0,0,0
0,0,0,0,0,0,0,0,0,0,0,0,0,0,0,0,0,0,0,0,0,0,0,0,0,0,0,0,0,0,0,0,0,0,0,0,0,0,0,0,0,0,0,0,0,0,0,0,0,4.57583797937702e-05,4.08205910027329e-05,6.37107467688831e-05,0,0,0,0,0,0,0,0,0,0,0,0,3.58136964650949e-05,0,4.98014982561231e-05,0,0,0,0,0,0,0,0,0,0,0,0,0,4.13018999021632e-05,2.94865736100615e-05,0,0,0,0,0,0,0,0,0,0,0,0,0,0,0,0,0,0,0,0,0,0,0,0,0,0
0,0,0,0,0,0,0,0,0,0,0,0,0,0,0,0,0,0,0,0,0,0,0,0,0,0,0,0,0,0,0,0,0,0,0,0,0,0,0,0,0,0,0,0,0,0,0,0,0,0,4.76759992552547e-05,2.41209136623691e-05,5.94830257940402e-05,0,0,0,0,0,0,0,0,0,0,0,0,4.98014982561231e-05,0,4.22955449248535e-05,0,0,0,0,0,0,0,0,0,0,0,0,0,3.91826093239168e-05,3.93725651146006e-05,0,0,0,0,0,0,0,0,0,0,0,0,0,0,0,0,0,0,0,0,0,0,0,0,0
0,0,0,0,0,0,0,0,0,0,0,0,0,0,0,0,0,0,0,0,0,0,0,0,0,0,0,0,0,0,0,0,0,0,0,0,0,0,0,0,0,0,0,0,0,0,0,0,0,0,0,6.97554397491398e-05,3.29995495271962e-05,4.46709898736367e-05,0,0,0,0,0,0,0,0,0,0,0,0,4.22955449248535e-05,0,3.0699571984249e-05,0,0,0,0,0,0,0,0,0,0,0,0,0,2.45651347001434e-05,3.89963083024698e-05,0,0,0,0,0,0,0,0,0,0,0,0,0,0,0,0,0,0,0,0,0,0,0,0
0,0,0,0,0,0,0,0,0,0,0,0,0,0,0,0,0,0,0,0,0,0,0,0,0,0,0,0,0,0,0,0,0,0,0,0,0,0,0,0,0,0,0,0,0,0,0,0,0,0,0,0,4.61628587443972e-05,4.08506762333385e-05,6.39087876798108e-05,0,0,0,0,0,0,0,0,0,0,0,0,3.0699571984249e-05,0,4.34135546083519e-05,0,0,0,0,0,0,0,0,0,0,0,0,3.70306752743288e-05,3.71054794238707e-05,3.6680825561835e-05,0,0,0,0,0,0,0,0,0,0,0,0,0,0,0,0,0,0,0,0,0,0,0
0,0,0,0,0,0,0,0,0,0,0,0,0,0,0,0,0,0,0,0,0,0,0,0,0,0,0,0,0,0,0,0,0,0,0,0,0,0,0,0,0,0,0,0,0,0,0,0,0,0,0,0,0,4.42428957901051e-05,3.90614705839661e-05,4.28822504197211e-05,0,0,0,0,0,0,0,0,0,0,0,0,4.34135546083519e-05,0,3.19361868264945e-05,0,0,0,0,0,0,0,0,0,0,0,0,4.18369161790641e-05,2.96392041946916e-05,4.68117399378993e-05,0,0,0,0,0,0,0,0,0,0,0,0,0,0,0,0,0,0,0,0,0,0
0,0,0,0,0,0,0,0,0,0,0,0,0,0,0,0,0,0,0,0,0,0,0,0,0,0,0,0,0,0,0,0,0,0,0,0,0,0,0,0,0,0,0,0,0,0,0,0,0,0,0,0,0,0,4.24766680207716e-05,3.3578582432819e-05,5.72461952075055e-05,0,0,0,0,0,0,0,0,0,0,0,0,3.19361868264945e-05,0,3.8835809717753e-05,0,0,0,0,0,0,0,0,0,0,0,0,4.86469205759149e-05,2.82692615438346e-05,3.83664467785329e-05,0,0,0,0,0,0,0,0,0,0,0,0,0,0,0,0,0,0,0,0,0
0,0,0,0,0,0,0,0,0,0,0,0,0,0,0,0,0,0,0,0,0,0,0,0,0,0,0,0,0,0,0,0,0,0,0,0,0,0,0,0,0,0,0,0,0,0,0,0,0,0,0,0,0,0,0,5.35417338070607e-05,4.78862013293208e-05,0,0,0,0,0,0,0,0,0,0,0,0,0,3.8835809717753e-05,0,4.23603445339691e-05,0,0,0,0,0,0,0,0,0,0,0,0,4.75293184552416e-05,2.70614727964812e-05,0,0,0,0,0,0,0,0,0,0,0,0,0,0,0,0,0,0,0,0,0
0,0,0,0,0,0,0,0,0,0,0,0,0,0,0,0,0,0,0,0,0,0,0,0,0,0,0,0,0,0,0,0,0,0,0,0,0,0,0,0,0,0,0,0,0,0,0,0,0,0,0,0,0,0,0,0,5.03023862234059e-05,0,0,0,0,0,0,0,0,0,0,0,0,0,0,4.23603445339691e-05,0,0,0,0,0,0,0,0,0,0,0,0,0,0,4.61189942710999e-05,0,0,0,0,0,0,0,0,0,0,0,0,0,0,0,0,0,0,0,0,0
0,0,0,0,0,0,0,0,0,0,0,0,0,0,0,0,0,0,0,0,0,0,0,0,0,0,0,0,0,0,0,0,0,0,0,0,0,0,0,0,0,0,0,0,0,0,0,0,0,0,0,0,0,0,0,0,0,2.06235950178231e-05,5.61575232399246e-05,0,0,0,0,0,0,0,0,0,0,0,0,0,0,0,3.31970800176103e-05,0,0,0,0,0,0,0,0,0,0,0,0,3.47957013422752e-05,0,0,0,0,0,0,0,0,0,0,0,0,0,0,0,0,0,0,0,0
0,0,0,0,0,0,0,0,0,0,0,0,0,0,0,0,0,0,0,0,0,0,0,0,0,0,0,0,0,0,0,0,0,0,0,0,0,0,0,0,0,0,0,0,0,0,0,0,0,0,0,0,0,0,0,0,0,6.11354813224842e-05,2.3645939809467e-05,0.000221298923378378,0,0,0,0,0,0,0,0,0,0,0,0,0,3.31970800176103e-05,0,0.000221296875738872,0,0,0,0,0,0,0,0,0,0,0,2.51623917481501e-05,5.57216846294934e-05,0,0,0,0,0,0,0,0,0,0,0,0,0,0,0,0,0,0,0
0,0,0,0,0,0,0,0,0,0,0,0,0,0,0,0,0,0,0,0,0,0,0,0,0,0,0,0,0,0,0,0,0,0,0,0,0,0,0,0,0,0,0,0,0,0,0,0,0,0,0,0,0,0,0,0,0,0,0.000252264331038842,2.64361729883058e-05,4.34601589128266e-05,0,0,0,0,0,0,0,0,0,0,0,0,0,0.000221296875738872,0,2.52584275738146e-05,0,0,0,0,0,0,0,0,0,0,0.000221133338289066,1.98281705869886e-05,0.000166790692327655,0,0,0,0,0,0,0,0,0,0,0,0,0,0,0,0,0,0
0,0,0,0,0,0,0,0,0,0,0,0,0,0,0,0,0,0,0,0,0,0,0,0,0,0,0,0,0,0,0,0,0,0,0,0,0,0,0,0,0,0,0,0,0,0,0,0,0,0,0,0,0,0,0,0,0,0,0,4.36234585123111e-05,2.47924609409857e-05,3.3415616521057e-05,0,0,0,0,0,0,0,0,0,0,0,0,0,2.52584275738146e-05,0,3.91651632138582e-05,0,0,0,0,0,0,0,0,0,0,0.000152529004816369,2.04522099428417e-05,9.55058395926263e-05,0,0,0,0,0,0,0,0,0,0,0,0,0,0,0,0,0
0,0,0,0,0,0,0,0,0,0,0,0,0,0,0,0,0,0,0,0,0,0,0,0,0,0,0,0,0,0,0,0,0,0,0,0,0,0,0,0,0,0,0,0,0,0,0,0,0,0,0,0,0,0,0,0,0,0,0,0,3.86392491269726e-05,6.92203180392347e-05,5.02208875000874e-05,0,0,0,0,0,0,0,0,0,0,0,0,0,3.91651632138582e-05,0,3.24430972521691e-05,0,0,0,0,0,0,0,0,0,0,0.000113970776627777,7.02153956715784e-05,5.43840029632908e-05,0,0,0,0,0,0,0,0,0,0,0,0,0,0,0,0
0,0,0,0,0,0,0,0,0,0,0,0,0,0,0,0,0,0,0,0,0,0,0,0,0,0,0,0,0,0,0,0,0,0,0,0,0,0,0,0,0,0,0,0,0,0,0,0,0,0,0,0,0,0,0,0,0,0,0,0,0,4.55103489165872e-05,2.57463274311058e-05,4.84399084120897e-05,0,0,0,0,0,0,0,0,0,0,0,0,0,3.24430972521691e-05,0,3.90435257048847e-05,0,0,0,0,0,0,0,0,0,0,4.08879617708087e-05,2.64210913962438e-05,5.35081461066683e-05,0,0,0,0,0,0,0,0,0,0,0,0,0,0,0
0,0,0,0,0,0,0,0,0,0,0,0,0,0,0,0,0,0,0,0,0,0,0,0,0,0,0,0,0,0,0,0,0,0,0,0,0,0,0,0,0,0,0,0,0,0,0,0,0,0,0,0,0,0,0,0,0,0,0,0,0,0,6.0987773352079e-05,5.10504579663216e-05,5.20055917458838e-05,0,0,0,0,0,0,0,0,0,0,0,0,0,3.90435257048847e-05,0,3.33609901982251e-05,0,0,0,0,0,0,0,0,0,0,5.66612361548759e-05,3.30875285958835e-05,4.53181772784568e-05,0,0,0,0,0,0,0,0,0,0,0,0,0,0
0,0,0,0,0,0,0,0,0,0,0,0,0,0,0,0,0,0,0,0,0,0,0,0,0,0,0,0,0,0,0,0,0,0,0,0,0,0,0,0,0,0,0,0,0,0,0,0,0,0,0,0,0,0,0,0,0,0,0,0,0,0,0,5.21052720966857e-05,2.37833525598897e-05,4.13018999021632e-05,0,0,0,0,0,0,0,0,0,0,0,0,0,3.33609901982251e-05,0,3.20549025257941e-05,0,0,0,0,0,0,0,0,0,0,4.02773271729288e-05,2.54400335191804e-05,0,0,0,0,0,0,0,0,0,0,0,0,0,0
0,0,0,0,0,0,0,0,0,0,0,0,0,0,0,0,0,0,0,0,0,0,0,0,0,0,0,0,0,0,0,0,0,0,0,0,0,0,0,0,0,0,0,0,0,0,0,0,0,0,0,0,0,0,0,0,0,0,0,0,0,0,0,0,4.78283140564664e-05,2.94865736100615e-05,3.91826093239168e-05,0,0,0,0,0,0,0,0,0,0,0,0,0,3.20549025257941e-05,0,0,0,0,0,0,0,0,0,0,0,0,3.21782814055882e-05,0,0,0,0,0,0,0,0,0,0,0,0,0,0
0,0,0,0,0,0,0,0,0,0,0,0,0,0,0,0,0,0,0,0,0,0,0,0,0,0,0,0,0,0,0,0,0,0,0,0,0,0,0,0,0,0,0,0,0,0,0,0,0,0,0,0,0,0,0,0,0,0,0,0,0,0,0,0,0,0,3.93725651146006e-05,2.45651347001434e-05,3.70306752743288e-05,0,0,0,0,0,0,0,0,0,0,0,0,0,0,3.77285503160909e-05,0,0,0,0,0,0,0,0,0,0,2.02116388208165e-05,4.62607084374507e-05,0,0,0,0,0,0,0,0,0,0,0,0
0,0,0,0,0,0,0,0,0,0,0,0,0,0,0,0,0,0,0,0,0,0,0,0,0,0,0,0,0,0,0,0,0,0,0,0,0,0,0,0,0,0,0,0,0,0,0,0,0,0,0,0,0,0,0,0,0,0,0,0,0,0,0,0,0,0,0,3.89963083024698e-05,3.71054794238707e-05,4.18369161790641e-05,0,0,0,0,0,0,0,0,0,0,0,0,3.77285503160909e-05,0,3.13995602106953e-05,0,0,0,0,0,0,0,0,0,3.15520040450718e-05,2.08207498586834e-05,3.27878893115967e-05,0,0,0,0,0,0,0,0,0,0,0
0,0,0,0,0,0,0,0,0,0,0,0,0,0,0,0,0,0,0,0,0,0,0,0,0,0,0,0,0,0,0,0,0,0,0,0,0,0,0,0,0,0,0,0,0,0,0,0,0,0,0,0,0,0,0,0,0,0,0,0,0,0,0,0,0,0,0,0,3.6680825561835e-05,2.96392041946916e-05,4.86469205759149e-05,0,0,0,0,0,0,0,0,0,0,0,0,3.13995602106953e-05,0,3.21410632510939e-05,0,0,0,0,0,0,0,0,0,3.60766024405557e-05,2.04777538667681e-05,0,0,0,0,0,0,0,0,0,0,0
0,0,0,0,0,0,0,0,0,0,0,0,0,0,0,0,0,0,0,0,0,0,0,0,0,0,0,0,0,0,0,0,0,0,0,0,0,0,0,0,0,0,0,0,0,0,0,0,0,0,0,0,0,0,0,0,0,0,0,0,0,0,0,0,0,0,0,0,0,4.68117399378993e-05,2.82692615438346e-05,4.75293184552416e-05,0,0,0,0,0,0,0,0,0,0,0,0,3.21410632510939e-05,0,4.7959488731861e-05,0,0,0,0,0,0,0,0,0,3.68954833720506e-05,4.57942543049999e-05,0,0,0,0,0,0,0,0,0,0
0,0,0,0,0,0,0,0,0,0,0,0,0,0,0,0,0,0,0,0,0,0,0,0,0,0,0,0,0,0,0,0,0,0,0,0,0,0,0,0,0,0,0,0,0,0,0,0,0,0,0,0,0,0,0,0,0,0,0,0,0,0,0,0,0,0,0,0,0,0,3.83664467785329e-05,2.70614727964812e-05,4.61189942710999e-05,0,0,0,0,0,0,0,0,0,0,0,0,4.7959488731861e-05,0,0,0,0,0,0,0,0,0,0,0,3.094420201473e-05,0,0,0,0,0,0,0,0,0,0
0,0,0,0,0,0,0,0,0,0,0,0,0,0,0,0,0,0,0,0,0,0,0,0,0,0,0,0,0,0,0,0,0,0,0,0,0,0,0,0,0,0,0,0,0,0,0,0,0,0,0,0,0,0,0,0,0,0,0,0,0,0,0,0,0,0,0,0,0,0,0,0,0,3.47957013422752e-05,2.51623917481501e-05,0.000221133338289066,0,0,0,0,0,0,0,0,0,0,0,0,5.89431870440085e-05,0,0,0,0,0,0,0,0,0,0,0,0,0,0,0,0,0,0,0
0,0,0,0,0,0,0,0,0,0,0,0,0,0,0,0,0,0,0,0,0,0,0,0,0,0,0,0,0,0,0,0,0,0,0,0,0,0,0,0,0,0,0,0,0,0,0,0,0,0,0,0,0,0,0,0,0,0,0,0,0,0,0,0,0,0,0,0,0,0,0,0,0,0,5.57216846294934e-05,1.98281705869886e-05,0.000152529004816369,0,0,0,0,0,0,0,0,0,0,5.89431870440085e-05,0,3.44519665525818e-05,0,0,0,0,0,0,0,0,2.69248430203336e-05,0,0,0,0,0,0,0,0,0
0,0,0,0,0,0,0,0,0,0,0,0,0,0,0,0,0,0,0,0,0,0,0,0,0,0,0,0,0,0,0,0,0,0,0,0,0,0,0,0,0,0,0,0,0,0,0,0,0,0,0,0,0,0,0,0,0,0,0,0,0,0,0,0,0,0,0,0,0,0,0,0,0,0,0,0.000166790692327655,2.04522099428417e-05,0.000113970776627777,0,0,0,0,0,0,0,0,0,0,3.44519665525818e-05,0,5.28798302917917e-05,0,0,0,0,0,0,0,2.07787479233586e-05,4.52844448818945e-05,0,0,0,0,0,0,0,0
0,0,0,0,0,0,0,0,0,0,0,0,0,0,0,0,0,0,0,0,0,0,0,0,0,0,0,0,0,0,0,0,0,0,0,0,0,0,0,0,0,0,0,0,0,0,0,0,0,0,0,0,0,0,0,0,0,0,0,0,0,0,0,0,0,0,0,0,0,0,0,0,0,0,0,0,9.55058395926263e-05,7.02153956715784e-05,4.08879617708087e-05,0,0,0,0,0,0,0,0,0,0,5.28798302917917e-05,0,3.35948158265829e-05,0,0,0,0,0,0,4.84418667173854e-05,3.35823057816315e-05,0.000135273480790709,0,0,0,0,0,0,0
0,0,0,0,0,0,0,0,0,0,0,0,0,0,0,0,0,0,0,0,0,0,0,0,0,0,0,0,0,0,0,0,0,0,0,0,0,0,0,0,0,0,0,0,0,0,0,0,0,0,0,0,0,0,0,0,0,0,0,0,0,0,0,0,0,0,0,0,0,0,0,0,0,0,0,0,0,5.43840029632908e-05,2.64210913962438e-05,5.66612361548759e-05,0,0,0,0,0,0,0,0,0,0,3.35948158265829e-05,0,3.39718626611741e-05,0,0,0,0,0,0,5.69545263982322e-05,9.34961061362779e-05,7.37192923302393e-05,0,0,0,0,0,0
0,0,0,0,0,0,0,0,0,0,0,0,0,0,0,0,0,0,0,0,0,0,0,0,0,0,0,0,0,0,0,0,0,0,0,0,0,0,0,0,0,0,0,0,0,0,0,0,0,0,0,0,0,0,0,0,0,0,0,0,0,0,0,0,0,0,0,0,0,0,0,0,0,0,0,0,0,0,5.35081461066683e-05,3.30875285958835e-05,4.02773271729288e-05,0,0,0,0,0,0,0,0,0,0,3.39718626611741e-05,0,4.74259614332456e-05,0,0,0,0,0,0,8.2964595843894e-05,6.08109741037237e-05,0,0,0,0,0,0
0,0,0,0,0,0,0,0,0,0,0,0,0,0,0,0,0,0,0,0,0,0,0,0,0,0,0,0,0,0,0,0,0,0,0,0,0,0,0,0,0,0,0,0,0,0,0,0,0,0,0,0,0,0,0,0,0,0,0,0,0,0,0,0,0,0,0,0,0,0,0,0,0,0,0,0,0,0,0,4.53181772784568e-05,2.54400335191804e-05,3.21782814055882e-05,0,0,0,0,0,0,0,0,0,0,4.74259614332456e-05,0,0,0,0,0,0,0,0,3.68315631158456e-05,0,0,0,0,0,0
0,0,0,0,0,0,0,0,0,0,0,0,0,0,0,0,0,0,0,0,0,0,0,0,0,0,0,0,0,0,0,0,0,0,0,0,0,0,0,0,0,0,0,0,0,0,0,0,0,0,0,0,0,0,0,0,0,0,0,0,0,0,0,0,0,0,0,0,0,0,0,0,0,0,0,0,0,0,0,0,0,0,2.02116388208165e-05,3.15520040450718e-05,0,0,0,0,0,0,0,0,0,0,0,3.06301027509848e-05,0,0,0,0,0,0,2.22071155103402e-05,0,0,0,0,0
0,0,0,0,0,0,0,0,0,0,0,0,0,0,0,0,0,0,0,0,0,0,0,0,0,0,0,0,0,0,0,0,0,0,0,0,0,0,0,0,0,0,0,0,0,0,0,0,0,0,0,0,0,0,0,0,0,0,0,0,0,0,0,0,0,0,0,0,0,0,0,0,0,0,0,0,0,0,0,0,0,0,4.62607084374507e-05,2.08207498586834e-05,3.60766024405557e-05,0,0,0,0,0,0,0,0,0,3.06301027509848e-05,0,2.77874899758871e-05,0,0,0,0,0,5.15109848981489e-05,0,0,0,0,0
0,0,0,0,0,0,0,0,0,0,0,0,0,0,0,0,0,0,0,0,0,0,0,0,0,0,0,0,0,0,0,0,0,0,0,0,0,0,0,0,0,0,0,0,0,0,0,0,0,0,0,0,0,0,0,0,0,0,0,0,0,0,0,0,0,0,0,0,0,0,0,0,0,0,0,0,0,0,0,0,0,0,0,3.27878893115967e-05,2.04777538667681e-05,3.68954833720506e-05,0,0,0,0,0,0,0,0,0,2.77874899758871e-05,0,0,0,0,0,0,0,0,0,0,0,0
0,0,0,0,0,0,0,0,0,0,0,0,0,0,0,0,0,0,0,0,0,0,0,0,0,0,0,0,0,0,0,0,0,0,0,0,0,0,0,0,0,0,0,0,0,0,0,0,0,0,0,0,0,0,0,0,0,0,0,0,0,0,0,0,0,0,0,0,0,0,0,0,0,0,0,0,0,0,0,0,0,0,0,0,0,4.57942543049999e-05,3.094420201473e-05,0,0,0,0,0,0,0,0,0,0,0,0,0,0,0,0,0,0,0,0,0
0,0,0,0,0,0,0,0,0,0,0,0,0,0,0,0,0,0,0,0,0,0,0,0,0,0,0,0,0,0,0,0,0,0,0,0,0,0,0,0,0,0,0,0,0,0,0,0,0,0,0,0,0,0,0,0,0,0,0,0,0,0,0,0,0,0,0,0,0,0,0,0,0,0,0,0,0,0,0,0,0,0,0,0,0,0,0,0,2.69248430203336e-05,2.07787479233586e-05,4.84418667173854e-05,0,0,0,0,0,0,0,0,2.579767436475e-05,0,0,0,5.080958144761e-05,0,0,0,0
0,0,0,0,0,0,0,0,0,0,0,0,0,0,0,0,0,0,0,0,0,0,0,0,0,0,0,0,0,0,0,0,0,0,0,0,0,0,0,0,0,0,0,0,0,0,0,0,0,0,0,0,0,0,0,0,0,0,0,0,0,0,0,0,0,0,0,0,0,0,0,0,0,0,0,0,0,0,0,0,0,0,0,0,0,0,0,0,0,4.52844448818945e-05,3.35823057816315e-05,5.69545263982322e-05,0,0,0,0,0,0,2.579767436475e-05,0,0.000156347898783288,0,0,2.33523110297633e-05,3.91543520940774e-05,0,0,0
0,0,0,0,0,0,0,0,0,0,0,0,0,0,0,0,0,0,0,0,0,0,0,0,0,0,0,0,0,0,0,0,0,0,0,0,0,0,0,0,0,0,0,0,0,0,0,0,0,0,0,0,0,0,0,0,0,0,0,0,0,0,0,0,0,0,0,0,0,0,0,0,0,0,0,0,0,0,0,0,0,0,0,0,0,0,0,0,0,0,0.000135273480790709,9.34961061362779e-05,8.2964595843894e-05,0,0,0,0,0,0,0.000156347898783288,0,2.65264423509856e-05,0,0.000200615671898439,0.000157602419000408,0.000177205372616573,0,0
0,0,0,0,0,0,0,0,0,0,0,0,0,0,0,0,0,0,0,0,0,0,0,0,0,0,0,0,0,0,0,0,0,0,0,0,0,0,0,0,0,0,0,0,0,0,0,0,0,0,0,0,0,0,0,0,0,0,0,0,0,0,0,0,0,0,0,0,0,0,0,0,0,0,0,0,0,0,0,0,0,0,0,0,0,0,0,0,0,0,0,7.37192923302393e-05,6.08109741037237e-05,3.68315631158456e-05,0,0,0,0,0,0,2.65264423509856e-05,0,0,0,0.000139255029931381,1.69794756242877e-05,0,0
0,0,0,0,0,0,0,0,0,0,0,0,0,0,0,0,0,0,0,0,0,0,0,0,0,0,0,0,0,0,0,0,0,0,0,0,0,0,0,0,0,0,0,0,0,0,0,0,0,0,0,0,0,0,0,0,0,0,0,0,0,0,0,0,0,0,0,0,0,0,0,0,0,0,0,0,0,0,0,0,0,0,0,0,0,0,0,0,0,0,0,0,0,0,2.22071155103402e-05,5.15109848981489e-05,0,0,0,0,0,0,0,0,0,0,0,0
0,0,0,0,0,0,0,0,0,0,0,0,0,0,0,0,0,0,0,0,0,0,0,0,0,0,0,0,0,0,0,0,0,0,0,0,0,0,0,0,0,0,0,0,0,0,0,0,0,0,0,0,0,0,0,0,0,0,0,0,0,0,0,0,0,0,0,0,0,0,0,0,0,0,0,0,0,0,0,0,0,0,0,0,0,0,0,0,0,0,0,0,0,0,0,0,0,0,5.080958144761e-05,2.33523110297633e-05,0.000200615671898439,0,0,0,3.66452001582728e-05,0,5.93034442273446e-05,0
0,0,0,0,0,0,0,0,0,0,0,0,0,0,0,0,0,0,0,0,0,0,0,0,0,0,0,0,0,0,0,0,0,0,0,0,0,0,0,0,0,0,0,0,0,0,0,0,0,0,0,0,0,0,0,0,0,0,0,0,0,0,0,0,0,0,0,0,0,0,0,0,0,0,0,0,0,0,0,0,0,0,0,0,0,0,0,0,0,0,0,0,0,0,0,0,0,0,0,3.91543520940774e-05,0.000157602419000408,0.000139255029931381,0,3.66452001582728e-05,0,2.60955508524928e-05,4.82285480759155e-05,2.77316501026087e-05
0,0,0,0,0,0,0,0,0,0,0,0,0,0,0,0,0,0,0,0,0,0,0,0,0,0,0,0,0,0,0,0,0,0,0,0,0,0,0,0,0,0,0,0,0,0,0,0,0,0,0,0,0,0,0,0,0,0,0,0,0,0,0,0,0,0,0,0,0,0,0,0,0,0,0,0,0,0,0,0,0,0,0,0,0,0,0,0,0,0,0,0,0,0,0,0,0,0,0,0,0.000177205372616573,1.69794756242877e-05,0,0,2.60955508524928e-05,0,4.07599429942829e-05,1.82246920042097e-05
0,0,0,0,0,0,0,0,0,0,0,0,0,0,0,0,0,0,0,0,0,0,0,0,0,0,0,0,0,0,0,0,0,0,0,0,0,0,0,0,0,0,0,0,0,0,0,0,0,0,0,0,0,0,0,0,0,0,0,0,0,0,0,0,0,0,0,0,0,0,0,0,0,0,0,0,0,0,0,0,0,0,0,0,0,0,0,0,0,0,0,0,0,0,0,0,0,0,0,0,0,0,0,5.93034442273446e-05,4.82285480759155e-05,4.07599429942829e-05,0,2.77260145002788e-05
0,0,0,0,0,0,0,0,0,0,0,0,0,0,0,0,0,0,0,0,0,0,0,0,0,0,0,0,0,0,0,0,0,0,0,0,0,0,0,0,0,0,0,0,0,0,0,0,0,0,0,0,0,0,0,0,0,0,0,0,0,0,0,0,0,0,0,0,0,0,0,0,0,0,0,0,0,0,0,0,0,0,0,0,0,0,0,0,0,0,0,0,0,0,0,0,0,0,0,0,0,0,0,0,2.77316501026087e-05,1.82246920042097e-05,2.77260145002788e-05,0
